Id,Forename,Surname,Email,Password,Points
0,,,U3RhZmZAZ21haWwuY29t,YWJjMTIz,0
1,John,Smith,Q3VzdG9tZXIxQGdtYWlsLmNvbQ==,NDMyMQ==,19317
2,a,a,YUBnbWFpbC5jb20=,YQ==,0
3,Jamie,Lo,SmFtaWVMbzEyM0BhYm91dC5tZQ==,MUxGaXhVcVRk,1500
4,Abe,Novotne,YW5vdm90bmUxQGdvb2dsZS5jb20uYXU=,U01wdFpLUHFGT08=,462349
5,Malcolm,Rigard,bXJpZ2FyZDJAemRuZXQuY29t,dWkyeWlUMHczMQ==,717697
6,Augustina,Signoret,YXNpZ25vcmV0M0BkYWlseW1haWwuY28udWs=,bUNYWW9HeUU1Q08=,170960
7,Glenda,Themann,Z3RoZW1hbm40QHVpdWMuZWR1,SHJBU216OVB0eg==,248807
8,Dodie,Hallatt,ZGhhbGxhdHQ1QGRldmlhbnRhcnQuY29t,VFgwMjY3N0M=,274565
9,Parke,Leyes,cGxleWVzNkBicmF2ZXNpdGVzLmNvbQ==,eWU1eTJza0hSWUxw,790077
10,Dacy,Chsteney,ZGNoc3RlbmV5N0BzdGFuZm9yZC5lZHU=,amJEcHV3MkNEMA==,384465
11,Yalonda,McPhillips,eW1jcGhpbGxpcHM4QHNtdWdtdWcuY29t,U1MxRGFDZA==,332376
12,Stearn,Dowrey,c2Rvd3JleTlAdW9sLmNvbS5icg==,ZnpEdk9lag==,406787
13,Patric,Bisterfeld,cGJpc3RlcmZlbGRhQHVzbmV3cy5jb20=,VE9LQkNN,945818
14,Jakob,Hrishanok,amhyaXNoYW5va2JAZGlnZy5jb20=,NkJnbVd5cTZvdHpm,710910
15,Jazmin,Binton,amJpbnRvbmNAdHdpdHRlci5jb20=,TjlxN1hZ,375504
16,Frasier,Chilcott,ZmNoaWxjb3R0ZEBhcm15Lm1pbA==,Qm1zbWphbjI=,264250
17,Jozef,Edmondson,amVkbW9uZHNvbmVAaWJtLmNvbQ==,NWtMSUVoMA==,227342
18,Farley,Heymann,ZmhleW1hbm5mQHJldmVyYm5hdGlvbi5jb20=,WUdQcE1GQQ==,81242
19,Mozelle,MacShirie,bW1hY3NoaXJpZWdAdmEuZ292,dEd4ZHJ2ck84MQ==,451316
20,Timi,Scrimshire,dHNjcmltc2hpcmVoQGN5YmVyY2hpbXBzLmNvbQ==,Q1RNdmQ2SUZwcGI=,47906
21,Freemon,Bunnell,ZmJ1bm5lbGxpQG1vemlsbGEub3Jn,UlREd3pWWA==,554516
22,Klemens,Grewe,a2dyZXdlakB0aGVnbG9iZWFuZG1haWwuY29t,OVdOSmFQd3BUVEw0,227499
23,Filmer,Peschka,ZnBlc2Noa2FrQGlibS5jb20=,WkpBb1ZTM1VJRg==,801572
24,Grace,Truelock,Z3RydWVsb2NrbEBkYWdvbmRlc2lnbi5jb20=,NHEzZzlX,51654
25,Quill,Addison,cWFkZGlzb25tQHBob2NhLmN6,d3dWQkY1cGw=,483634
26,Weider,Croux,d2Nyb3V4bkBuYXR1cmUuY29t,bVVFa25aMQ==,135629
27,Wildon,Rydings,d3J5ZGluZ3NvQG1hYy5jb20=,SjVJMmdZ,279405
28,Griff,Hodgins,Z2hvZGdpbnNwQHRpbWUuY29t,Vkd1WFNyZ244,411799
29,Eliot,Trowbridge,ZXRyb3dicmlkZ2VxQHRpbWUuY29t,eUo1SzZmRw==,899506
30,Cheryl,Edy,Y2VkeXJAaTJpLmpw,bVRtV3h4RXpJ,908001
31,Alisha,Dmitrichenko,YWRtaXRyaWNoZW5rb3NAMTY4OC5jb20=,aVcwU042Rzd0YXcy,624887
32,Silas,Pistol,c3Bpc3RvbHRAb21uaXR1cmUuY29t,Y1NUUFBKd2lxRg==,600484
33,Cordy,Trewman,Y3RyZXdtYW51QHVuLm9yZw==,V2Q1dnMwSWVVd1Q=,762052
34,Dori,Scuffham,ZHNjdWZmaGFtdkBvYWljLmdvdi5hdQ==,dHpzS3R3QkNWdm80,746399
35,Nerita,Majury,bm1hanVyeXdAZWxwYWlzLmNvbQ==,dlJPSGFDZE1HSnc=,473531
36,Melodie,Gouge,bWdvdWdleEBjb2x1bWJpYS5lZHU=,VmRFY21ydFM3,804779
37,Angele,Speke,YXNwZWtleUBjb21zZW56LmNvbQ==,d3F2MmtXSzN2aXZk,269901
38,Alma,Bellenger,YWJlbGxlbmdlcnpAaW5zdGFncmFtLmNvbQ==,Zm9nNUp4aA==,171734
39,Malinde,Caudwell,bWNhdWR3ZWxsMTBAZWNvbm9taXN0LmNvbQ==,QjMyN1huWjlW,985350
40,Ekaterina,Deetch,ZWRlZXRjaDExQGphcGFucG9zdC5qcA==,UTZTMTJzMg==,457047
41,Webb,Darnell,d2Rhcm5lbGwxMkBldHN5LmNvbQ==,NXpWVktj,918912
42,Lazarus,Spain,bHNwYWluMTNAcGhvdG9idWNrZXQuY29t,ak5ndjZO,482779
43,Teddie,Hartzenberg,dGhhcnR6ZW5iZXJnMTRAc3BpZWdlbC5kZQ==,RzYxM2tzaWFXZWIw,487137
44,Maurizio,Bew,bWJldzE1QG5vYWEuZ292,eVE3ME53Qg==,716165
45,Donnie,Cuttelar,ZGN1dHRlbGFyMTZAbmV3c3ZpbmUuY29t,MWhXdkNSWlB3,945413
46,Marcelle,Chalfain,bWNoYWxmYWluMTdAcHJpbmNldG9uLmVkdQ==,d01ycnVhS3hM,144404
47,Ranee,MacWilliam,cm1hY3dpbGxpYW0xOEBzdHVkaW9wcmVzcy5jb20=,djNTWE0wb01UNTJQ,200417
48,Janessa,Copplestone,amNvcHBsZXN0b25lMTlAYnVzaW5lc3NpbnNpZGVyLmNvbQ==,QWdGQndDaGZVWA==,39389
49,Dacey,Danton,ZGRhbnRvbjFhQGdvb2RyZWFkcy5jb20=,MDFwT2F0cw==,604826
50,Marinna,Pischof,bXBpc2Nob2YxYkB0LmNv,Ymh0SVowNXRPUk8=,101730
51,Guss,Giabuzzi,Z2dpYWJ1enppMWNAc21oLmNvbS5hdQ==,N1JIb3hlVFJzWjc=,125419
52,Blinni,Busch,YmJ1c2NoMWRAd3NqLmNvbQ==,eHhYMXRrZGg=,813846
53,Tore,Ravel,dHJhdmVsMWVAc3RhbmZvcmQuZWR1,alV6ZnR5MFY=,425466
54,Towny,Etheridge,dGV0aGVyaWRnZTFmQHdpa2lhLmNvbQ==,UmVmdnc5YXVG,809871
55,Edgar,Laundon,ZWxhdW5kb24xZ0BhbnN3ZXJzLmNvbQ==,eHc5SlF4eTZLZGw=,525269
56,Jaimie,Vandenhoff,anZhbmRlbmhvZmYxaEBqaWdzeS5jb20=,UnhHdlRNYTVP,266323
57,Analise,Willshire,YXdpbGxzaGlyZTFpQHNpdGVtZXRlci5jb20=,VjI5UnVpbw==,876428
58,Cecilia,Dunbavin,Y2R1bmJhdmluMWpAcHJpbmNldG9uLmVkdQ==,UXhhT1pIdnVaWkQ2,274748
59,Manda,McAlinden,bW1jYWxpbmRlbjFrQGxpdmVpbnRlcm5ldC5ydQ==,RFdhQTdJVw==,653324
60,Mei,Eaken,bWVha2VuMWxAb2NuLm5lLmpw,cnZFOTBmQ2Y5QTJD,31095
61,Roz,Cary,cmNhcnkxbUBpbWRiLmNvbQ==,bk9sVUdKdnNp,437293
62,Virgil,Mahon,dm1haG9uMW5AdmsuY29t,eEdmcVZx,840057
63,Drusi,Chifney,ZGNoaWZuZXkxb0BuZXRsb2cuY29t,ZThqRUhYdlpFcnk=,563266
64,Adam,Camolli,YWNhbW9sbGkxcEBwaHBiYi5jb20=,QzV0emR1bmFBTHA=,766682
65,Kinnie,Lodeke,a2xvZGVrZTFxQGdvb2dsZS5lcw==,eHFGNlBN,884832
66,Cirillo,Halden,Y2hhbGRlbjFyQHRyZWxsaWFuLmNvbQ==,YUJUQWhiQzhZc0w=,535162
67,Skip,Langfitt,c2xhbmdmaXR0MXNAbnlkYWlseW5ld3MuY29t,WW1lR0xGbVN6,956392
68,Linnet,Heintze,bGhlaW50emUxdEBmdXJsLm5ldA==,V0l0MmpDQXg=,283293
69,Bernadine,Aronson,YmFyb25zb24xdUBtZXJyaWFtLXdlYnN0ZXIuY29t,WlB2cjhYdUR5MQ==,622521
70,Filippa,Flanders,ZmZsYW5kZXJzMXZAdXNkYS5nb3Y=,U0NNUE1nSWhU,930860
71,Diego,Pigott,ZHBpZ290dDF3QHNsaWRlc2hhcmUubmV0,cFhROUZiNg==,167065
72,Terrell,Blaszczynski,dGJsYXN6Y3p5bnNraTF4QHNpbmEuY29tLmNu,dzdyWEhqTE1KTlM=,277145
73,Renaud,Troughton,cnRyb3VnaHRvbjF5QGluZGVwZW5kZW50LmNvLnVr,SWxhR0dkTzJld3ZX,201859
74,Page,Breissan,cGJyZWlzc2FuMXpAdGVjaGNydW5jaC5jb20=,Sm4yeXBGbjVtNUY=,457404
75,Patrizius,Joddens,cGpvZGRlbnMyMEB0eXBlcGFkLmNvbQ==,NXZ5em1lVmk=,239629
76,Pen,Ducker,cGR1Y2tlcjIxQHdvcmRwcmVzcy5vcmc=,VHFZM1NC,348751
77,Barrett,Clavey,YmNsYXZleTIyQHVtbi5lZHU=,eWN1QWdlVHd2bTlX,612303
78,Penelope,Hynd,cGh5bmQyM0Bwc3UuZWR1,SnJVbjJDNUw=,927157
79,Nessa,Dowles,bmRvd2xlczI0QGNsaWNrYmFuay5uZXQ=,UTNKSklqdQ==,151325
80,Raphaela,Guerriero,cmd1ZXJyaWVybzI1QGxpdmVqb3VybmFsLmNvbQ==,QkRFdEZIZWhI,779483
81,Ermina,Behne,ZWJlaG5lMjZAdWNvei5ydQ==,UmhoWGFHVnp1Mw==,476853
82,Bruis,Bice,YmJpY2UyN0B3ZWJzLmNvbQ==,STBZeFhzaA==,921745
83,Vevay,Meugens,dm1ldWdlbnMyOEBwaG90b2J1Y2tldC5jb20=,a0NNcTg1Q1I=,646883
84,Bettye,Bonhan,YmJvbmhhbjI5QG1lZXR1cC5jb20=,VGM4b0Q5Y1N5NzVn,569522
85,Janean,Chatten,amNoYXR0ZW4yYUBwYWdlc3BlcnNvLW9yYW5nZS5mcg==,YjFZYTBDOE43TFI2,559761
86,Lizzie,Burtonwood,bGJ1cnRvbndvb2QyYkB2aW5hb3JhLmNvbQ==,bXdkYWdFVXA=,904712
87,Justinn,Aleshkov,amFsZXNoa292MmNAcGhvY2EuY3o=,ek1uS0QxVU55VTdX,632751
88,Dix,Whitnall,ZHdoaXRuYWxsMmRAdXN0cmVhbS50dg==,YnBhcDJm,561557
89,Wyndham,Weiner,d3dlaW5lcjJlQGVlcHVybC5jb20=,cU9JUGUxQ28=,948081
90,Arlen,Goane,YWdvYW5lMmZAbWFwcXVlc3QuY29t,TWdXZ2VQN2Ux,526879
91,Richmound,Treece,cnRyZWVjZTJnQGNvcm5lbGwuZWR1,a29FcWFRMQ==,72407
92,Antone,Freke,YWZyZWtlMmhAbWFjLmNvbQ==,bDBxdHBZWk5UUUM=,555705
93,Izaak,Semple,aXNlbXBsZTJpQGJvc3Rvbi5jb20=,Y2ZuZWd1dVptdVoz,49825
94,Reena,Matczak,cm1hdGN6YWsyakB3cC5jb20=,b3loSHdLc0lkdVc=,625239
95,Cosimo,Woolliams,Y3dvb2xsaWFtczJrQGdvLmNvbQ==,MmlXdkdaQk8zSFN3,537880
96,Nara,Sheldrick,bnNoZWxkcmljazJsQGFkbWluLmNo,cHFwdUw4,140640
97,Genvieve,Kenealy,Z2tlbmVhbHkybUBsdWx1LmNvbQ==,THFqcFZFaw==,73173
98,Jenna,Garrish,amdhcnJpc2gybkBmZW1hLmdvdg==,UlMyeUdBbDlHR0M3,690517
99,Stacy,Shimmans,c3NoaW1tYW5zMm9AbWFya2V0d2F0Y2guY29t,WG9Ud3ZWUGIzTw==,855478
100,Shane,Kyte,c2t5dGUycEBhOC5uZXQ=,bmJHTmo2dWJs,931322
101,Daune,Menel,ZG1lbmVsMnFAd2Vibm9kZS5jb20=,ZzhHWWh2bm4=,118115
102,Catie,Clibbery,Y2NsaWJiZXJ5MnJAeW91dHViZS5jb20=,c0NHdktYMDM=,548773
103,Aarika,Weaben,YXdlYWJlbjJzQHNodXR0ZXJmbHkuY29t,QVVIVGQ3V0ZjZTk=,336099
104,Gordan,Housden,Z2hvdXNkZW4ydEB5b2xhc2l0ZS5jb20=,elB0T1c5,554414
105,Monroe,Preon,bXByZW9uMnVAYTgubmV0,aVFrY1RP,150147
106,Issiah,Broun,aWJyb3VuMnZAd29yZHByZXNzLm9yZw==,ekNJYlJSYlp2MHY=,757566
107,Oberon,Langfat,b2xhbmdmYXQyd0BhbWF6b24uY29t,QmZHaGlBcw==,527027
108,Kirstin,Kinig,a2tpbmlnMnhAZXRzeS5jb20=,OVM0eHFNTDI=,286917
109,Brendan,Drees,YmRyZWVzMnlAaW1ndXIuY29t,R2tTZjlxTndxajlH,344962
110,Wenona,Bolley,d2JvbGxleTJ6QHNpbXBsZW1hY2hpbmVzLm9yZw==,bDAzRUdMUWRp,330059
111,Delia,Tathacott,ZHRhdGhhY290dDMwQHN0dW1ibGV1cG9uLmNvbQ==,SEE1MlRNRFFGVg==,884683
112,Griffin,Cabrales,Z2NhYnJhbGVzMzFAZGFpbHltYWlsLmNvLnVr,MFJPUlRITmQ5Qg==,325960
113,Paolo,Oldknowe,cG9sZGtub3dlMzJAYmxvZ2xvdmluLmNvbQ==,bTU3aDZNS3M3ZWFX,470664
114,Waite,Hatwell,d2hhdHdlbGwzM0BlYXJ0aGxpbmsubmV0,VXMzWW91Vg==,617764
115,Powell,Bottell,cGJvdHRlbGwzNEBkZWxpY2lvdXMuY29t,ak93UUw0YkZGcGs=,131051
116,Rowan,Marle,cm1hcmxlMzVAaGhzLmdvdg==,Rmx0akdKVQ==,972253
117,Renell,Wainscoat,cndhaW5zY29hdDM2QGJiYy5jby51aw==,UnFxOGg3YWk=,817443
118,Debi,D'Enrico,ZGRlbnJpY28zN0ByZWRjcm9zcy5vcmc=,Yk52MzdUZ3JMVTE=,353786
119,Farrell,Thayre,ZnRoYXlyZTM4QGRldmh1Yi5jb20=,M1ZIVWR1,260159
120,Izaak,Tander,aXRhbmRlcjM5QHdzai5jb20=,WWVkVWdQTHEwTQ==,170641
121,Howard,O'Hartnett,aG9oYXJ0bmV0dDNhQGh1ZC5nb3Y=,YmZxdDFpTGxy,405971
122,Tobey,Rogier,dHJvZ2llcjNiQGhvd3N0dWZmd29ya3MuY29t,VDlpRnQ5ZjRw,133709
123,Ricky,Lukock,cmx1a29jazNjQGFwcGxlLmNvbQ==,NTROSm54SQ==,808527
124,Sukey,Van der Brugge,c3ZhbmRlcmJydWdnZTNkQGx1bHUuY29t,QVd5eVRadkM=,598795
125,Bourke,Tick,YnRpY2szZUBza3lyb2NrLmNvbQ==,dzlFbkdTUFh0VA==,240105
126,Beverlie,Mamwell,Ym1hbXdlbGwzZkBuYXR1cmUuY29t,UllRdVNvdHJU,168054
127,Heidi,Douglass,aGRvdWdsYXNzM2dAc2xhc2hkb3Qub3Jn,SElScEtiSw==,761989
128,Modestine,MacSherry,bW1hY3NoZXJyeTNoQHNha3VyYS5uZS5qcA==,bXIyT1VFVEMwdXA=,874486
129,Dom,Frodsham,ZGZyb2RzaGFtM2lAeWFuZGV4LnJ1,Q1NCSXlxb29U,165669
130,Cirillo,Antonelli,Y2FudG9uZWxsaTNqQGlsbGlub2lzLmVkdQ==,YVFBcVM0bE02,496839
131,Rosemarie,Filler,cmZpbGxlcjNrQHlvbGFzaXRlLmNvbQ==,OUExM2xY,466167
132,Meg,Southcomb,bXNvdXRoY29tYjNsQGJhcm5lc2FuZG5vYmxlLmNvbQ==,SmJ6Z1dp,17962
133,Whittaker,Foux,d2ZvdXgzbUBjYW5hbGJsb2cuY29t,UHZyc1VOUkxj,527075
134,Kippie,Andreasen,a2FuZHJlYXNlbjNuQHdlYnMuY29t,REp1OXJVNUdEWjkw,894087
135,Gloriane,Pestridge,Z3Blc3RyaWRnZTNvQGViYXkuY28udWs=,cVRzUTdkQkpXRUVC,883747
136,Lennard,Fetterplace,bGZldHRlcnBsYWNlM3BAd2VhdGhlci5jb20=,b2U3RTRtTU8zUA==,927828
137,Lina,Sobey,bHNvYmV5M3FAZXhhbXBsZS5jb20=,dnZvNllMbm0=,801681
138,Cynthy,Seelbach,Y3NlZWxiYWNoM3JAbmV0dmliZXMuY29t,VzJzak9lRzY=,102806
139,Danny,Winterbourne,ZHdpbnRlcmJvdXJuZTNzQGJpYmxlZ2F0ZXdheS5jb20=,QXkwbndYN3c=,386517
140,Maxine,Labuschagne,bWxhYnVzY2hhZ25lM3RAZmVtYS5nb3Y=,MnRLdmh1UmJUVXc=,955091
141,Richie,Bate,cmJhdGUzdUB3ZWF0aGVyLmNvbQ==,a25hQlhVWEZqcGVo,816625
142,Addison,Holsey,YWhvbHNleTN2QHdzai5jb20=,d1FsdVdONA==,445162
143,Lilla,Filler,bGZpbGxlcjN3QGJsb2d0YWxrcmFkaW8uY29t,cmh1dHhTSGtuMFU5,132083
144,Doralynne,Delaprelle,ZGRlbGFwcmVsbGUzeEBwcndlYi5jb20=,ZDdJRkNmSE4=,956620
145,Zaria,Ulyatt,enVseWF0dDN5QGRldmh1Yi5jb20=,UjU1Q1RqWkpiaWVS,140288
146,Aindrea,Fogel,YWZvZ2VsM3pAbnltYWcuY29t,alRBN0NubnFR,800382
147,Jenine,Vost,anZvc3Q0MEBnb29nbGUuY29t,akVlZmMydmVPSw==,607178
148,Virgie,Phillis,dnBoaWxsaXM0MUBtYXNoYWJsZS5jb20=,QnJWUFVKVU04,730469
149,Holmes,Dade,aGRhZGU0MkB1bW4uZWR1,eGZPT3B1bWhF,652381
150,Gretal,Vasse,Z3Zhc3NlNDNAY3BhbmVsLm5ldA==,S0Fab1lvNEZXV2Y=,524147
151,Early,Neilands,ZW5laWxhbmRzNDRAbWFweS5jeg==,WGlwb2RzNjh0V2hx,211479
152,Hedwiga,Tschersich,aHRzY2hlcnNpY2g0NUBwaHAubmV0,RzJuYmhURjNvenc=,805625
153,Sammy,Kiln,c2tpbG40NkBvcmFjbGUuY29t,WG9rSGd1,243501
154,Rafaelia,Breslau,cmJyZXNsYXU0N0BwcmxvZy5vcmc=,MWkzbDZ1WA==,988531
155,Constance,Somerled,Y3NvbWVybGVkNDhAc28tbmV0Lm5lLmpw,SGduRkQwdHZq,377736
156,Averil,Toller,YXRvbGxlcjQ5QGRvdC5nb3Y=,YjJ1Y0dPWm4=,507696
157,Tessie,Lehrahan,dGxlaHJhaGFuNGFAb3Zlci1ibG9nLmNvbQ==,MkdISkhmUUhUcGFI,262609
158,Bryana,Hakonsson,Ymhha29uc3NvbjRiQHdlYm5vZGUuY29t,djVQSGdqZw==,601796
159,Jenda,Berkelay,amJlcmtlbGF5NGNAd2FzaGluZ3RvbnBvc3QuY29t,S1VyZjJpRlk=,587329
160,Melamie,Von Der Empten,bXZvbmRlcmVtcHRlbjRkQHdlYnMuY29t,eWcyTjBNVA==,822789
161,Giorgio,Winspur,Z3dpbnNwdXI0ZUAxNjg4LmNvbQ==,YkJPdlBudm9SRTZz,447631
162,Ingrim,Jurgen,aWp1cmdlbjRmQGluc3RhZ3JhbS5jb20=,M2hFcE04Ng==,333498
163,Carlyle,Walne,Y3dhbG5lNGdAYWRvYmUuY29t,VEtBNWw5bkJW,861959
164,Julius,Blundon,amJsdW5kb240aEByZXZlcmJuYXRpb24uY29t,NjRldFBpWEJSQTZJ,67785
165,Dion,Malyan,ZG1hbHlhbjRpQHdlYm5vZGUuY29t,azVXSFA0,192474
166,Lena,Holtom,bGhvbHRvbTRqQGRlZGVjbXMuY29t,VHJSYmZrNkxtcUxX,8988
167,Rosamund,Frawley,cmZyYXdsZXk0a0BidXp6ZmVlZC5jb20=,MGFJYlEzSTFF,983715
168,Mariann,McNiven,bW1jbml2ZW40bEB3aXJlZC5jb20=,RkhoTnJQ,64509
169,Ellerey,Curd,ZWN1cmQ0bUB3My5vcmc=,Mm04RVJOcQ==,758806
170,Cointon,De Cristoforo,Y2RlY3Jpc3RvZm9ybzRuQGRvdC5nb3Y=,Nmlma0M1Mkw=,605321
171,Jessika,Rydeard,anJ5ZGVhcmQ0b0BzZWF0dGxldGltZXMuY29t,d0pMc2ltZXU=,839143
172,Iver,Stolting,aXN0b2x0aW5nNHBAaGlzdGF0cy5jb20=,ZWd1MVFjNw==,954629
173,Melly,Barthod,bWJhcnRob2Q0cUBhbWF6b24uZGU=,U2NDN1py,470433
174,Demetri,Whimpenny,ZHdoaW1wZW5ueTRyQGdvb2dsZS5jb20=,UHBHRWFsZjZYTQ==,715401
175,Arman,Delany,YWRlbGFueTRzQHNxdWlkb28uY29t,ZU1IZHJkeg==,429643
176,Flossy,Woollin,Zndvb2xsaW40dEB0bWFsbC5jb20=,UEwya2NQWGtVZA==,789845
177,Morgan,Tran,bXRyYW40dUBoaXN0YXRzLmNvbQ==,dkJwOTJIOWM5Uw==,602167
178,Tiler,Rudderham,dHJ1ZGRlcmhhbTR2QGZ0Yy5nb3Y=,UEV1VDBOckFuQk9I,987320
179,Phyllida,Pena,cHBlbmE0d0BzbGlkZXNoYXJlLm5ldA==,N2hoNFd0VERocw==,151074
180,Carly,Crippen,Y2NyaXBwZW40eEBmb3huZXdzLmNvbQ==,cGE5UGJib0k1,349601
181,Delano,D'Acth,ZGRhY3RoNHlAaW5zdGFncmFtLmNvbQ==,ejlBMFF0bVduS0lG,516844
182,Lane,Crispe,bGNyaXNwZTR6QHFxLmNvbQ==,RkRGTm00d3Uxbg==,128392
183,Gussi,Flounders,Z2Zsb3VuZGVyczUwQGdvb2dsZS5jby5qcA==,MFhJM3NBaEZsYko=,715163
184,Teador,Pigeon,dHBpZ2VvbjUxQHJlZGlmZi5jb20=,Rm1WdDBEbGE=,691599
185,Analiese,Ivimey,YWl2aW1leTUyQGFuZ2VsZmlyZS5jb20=,NXJCajdDWg==,518410
186,Elissa,Santhouse,ZXNhbnRob3VzZTUzQGh1YnBhZ2VzLmNvbQ==,ZFdqNkhpMmRDd2xP,96197
187,Deonne,Glendinning,ZGdsZW5kaW5uaW5nNTRAdWl1Yy5lZHU=,VFYzeXhJV0M=,449613
188,Lowell,Boyfield,bGJveWZpZWxkNTVAbmF0dXJlLmNvbQ==,TXNhSkYxT3V2eXVQ,51189
189,Glenine,Gallymore,Z2dhbGx5bW9yZTU2QGlibS5jb20=,cEZrWmd4a2RIR24=,659566
190,Trueman,Scoullar,dHNjb3VsbGFyNTdAc3RhdGUudHgudXM=,N0o5VkFlSXA2bw==,820132
191,Burtie,Blenkensop,YmJsZW5rZW5zb3A1OEBtYXBxdWVzdC5jb20=,cXU3cDAwdDRWUVJN,849506
192,Howard,Peschke,aHBlc2Noa2U1OUBpbWd1ci5jb20=,TW5uTkdZ,722890
193,Joelly,Haversum,amhhdmVyc3VtNWFAb3JhY2xlLmNvbQ==,dDhGZDZZY0NES3My,495106
194,Neil,Moreinu,bm1vcmVpbnU1YkAxNjMuY29t,TmZaZVhCc0Q1ZA==,421526
195,Abbe,Ramey,YXJhbWV5NWNAc2t5cGUuY29t,aUpVTVl6OTJkREo2,575232
196,Batholomew,Inkster,Ymlua3N0ZXI1ZEB5ZWxsb3dwYWdlcy5jb20=,cXllM08zd3Z6aFg=,857108
197,Wilmar,Aspel,d2FzcGVsNWVAbG9jLmdvdg==,R0xaVnBRN0s2Z1k=,264712
198,Sylas,Millard,c21pbGxhcmQ1ZkBzY2llbmNlZGlyZWN0LmNvbQ==,SktjRm5SQlY=,338652
199,Mabelle,Lambirth,bWxhbWJpcnRoNWdAeHJlYS5jb20=,VW1WbE01bXNzdkF2,716267
200,Townsend,Gissop,dGdpc3NvcDVoQG5pbmcuY29t,TWRoallR,429945
201,Gare,Maybey,Z21heWJleTVpQGdpem1vZG8uY29t,TWliMnNiaUhMVQ==,75937
202,Osbert,Hubbucks,b2h1YmJ1Y2tzNWpAZWVwdXJsLmNvbQ==,Wnd2UUNPblRnMA==,355041
203,Levy,Sturte,bHN0dXJ0ZTVrQG1hcnJpb3R0LmNvbQ==,ZWt1SVRHbkpjbnB0,959113
204,Roderigo,Arnaud,cmFybmF1ZDVsQGNkYy5nb3Y=,OEh6WURmNHc=,685768
205,Tybalt,Parker,dHBhcmtlcjVtQHNpLmVkdQ==,ZmRWS281dDJMejQ=,542710
206,Dominica,Warren,ZHdhcnJlbjVuQGxpdmVqb3VybmFsLmNvbQ==,SldzWWRG,624184
207,Dominik,Hadcock,ZGhhZGNvY2s1b0BiaWJsZWdhdGV3YXkuY29t,R24yOHJFR0JpS1hw,83268
208,Robenia,Haughan,cmhhdWdoYW41cEBldmVudGJyaXRlLmNvbQ==,aTJpWHllaFh4ZjND,285701
209,Bryant,Windham,YndpbmRoYW01cUBzcGhpbm4uY29t,Z29KSGJFUTV2R3lr,240052
210,Buck,Baldocci,YmJhbGRvY2NpNXJAcGFnaW5lZ2lhbGxlLml0,WUR3Z0ZF,662379
211,Skelly,Filip,c2ZpbGlwNXNAZGVsaWNpb3VzZGF5cy5jb20=,OE8xZlpsNHg=,297358
212,Dion,Muschette,ZG11c2NoZXR0ZTV0QGNvbXNlbnouY29t,Tnh6N0pGUWlHUQ==,658494
213,Zacharie,McKeaney,em1ja2VhbmV5NXVAZmVlZGJ1cm5lci5jb20=,MWJGUTRW,205483
214,Rowena,Sedcole,cnNlZGNvbGU1dkBmcmVlLmZy,OUhVdkxTUExX,523183
215,Nicola,Perrinchief,bnBlcnJpbmNoaWVmNXdAZmxhdm9ycy5tZQ==,TzFiZmFOMzlB,34480
216,Theadora,Illston,dGlsbHN0b241eEBzb3VwLmlv,TW91a2NUZDdsZVZw,241392
217,Hermia,McNalley,aG1jbmFsbGV5NXlAbWljcm9zb2Z0LmNvbQ==,MlBpSGowc24=,212109
218,Borden,Dunnion,YmR1bm5pb241ekAxMjMtcmVnLmNvLnVr,Rm9sSm9ycXVZ,270871
219,Samara,Josipovitz,c2pvc2lwb3ZpdHo2MEBibG9vbWJlcmcuY29t,Rjl2YmlXOGtNOVQ4,232436
220,Ilsa,Glassard,aWdsYXNzYXJkNjFAaGF0ZW5hLm5lLmpw,ZzRSN2E4OQ==,183015
221,Ashly,Corneil,YWNvcm5laWw2MkBmYWNlYm9vay5jb20=,c2x6UDNMdzA=,909460
222,Danella,Coopman,ZGNvb3BtYW42M0B0ZWQuY29t,eVhYN21zeUU0VVU=,90019
223,Klement,Attew,a2F0dGV3NjRAYW9sLmNvbQ==,R3lGa29KZUx5WA==,56559
224,Stanislaw,Ahlin,c2FobGluNjVAcXVhbnRjYXN0LmNvbQ==,dGNhQnNRUDNw,751755
225,Faith,Goldingay,ZmdvbGRpbmdheTY2QGNhcmdvY29sbGVjdGl2ZS5jb20=,aWRBanp1TVREaHpB,799796
226,Godfrey,Knowlman,Z2tub3dsbWFuNjdAaTJpLmpw,bExlRWx5VWwxRw==,679764
227,Cori,Folcarelli,Y2ZvbGNhcmVsbGk2OEBzYWxvbi5jb20=,TmdLeHoxNjk=,927828
228,Ardath,Suggett,YXN1Z2dldHQ2OUBjbG91ZGZsYXJlLmNvbQ==,VThlaE9H,257668
229,Jodi,Bree,amJyZWU2YUBucHIub3Jn,dDRuTVZJSA==,469364
230,Hamid,Hay,aGhheTZiQGJvc3Rvbi5jb20=,UXJFeEFtYk5iRg==,238203
231,Hilarius,Banaszewski,aGJhbmFzemV3c2tpNmNAYXVkYS5vcmcuYXU=,ZThqRkJMWVo=,423209
232,Cyndy,Carey,Y2NhcmV5NmRAZmxpY2tyLmNvbQ==,VzFlMjFoakl6dUhW,274984
233,Druci,Beecroft,ZGJlZWNyb2Z0NmVAcGhvY2EuY3o=,OFBNQ2huekhJ,432110
234,Maiga,Klimov,bWtsaW1vdjZmQHZrb250YWt0ZS5ydQ==,Z1BvYngxQm9BbVVB,300337
235,Nikolaos,Bayston,bmJheXN0b242Z0BvcGVuc291cmNlLm9yZw==,SVFnVlZrSg==,229177
236,Kipp,MacNamee,a21hY25hbWVlNmhAbWxiLmNvbQ==,MGJmQVlIdkw=,449937
237,Ricard,Arrault,cmFycmF1bHQ2aUB1Y296LnJ1,RjExWVNpUnZt,259805
238,Farand,Gerok,Zmdlcm9rNmpAZGUudnU=,TUVNQzhib3Zq,397627
239,Derry,Cockson,ZGNvY2tzb242a0B0YW9iYW8uY29t,eEVnNkFISEVP,27529
240,Jarib,Bowler,amJvd2xlcjZsQGFzay5jb20=,WW5vQm9j,952753
241,Dorey,MacLennan,ZG1hY2xlbm5hbjZtQHRoZWF0bGFudGljLmNvbQ==,OFV1a3VpS0I3bEs=,749111
242,Neda,Stubs,bnN0dWJzNm5AeWNvbWJpbmF0b3IuY29t,N1hXWDdRZjg=,633904
243,Irving,Giovannetti,aWdpb3Zhbm5ldHRpNm9AcGJzLm9yZw==,WXp3VXR1aG45eQ==,116432
244,Joyan,Thayre,anRoYXlyZTZwQGdpdGh1Yi5jb20=,Y1ZZSWxZ,275654
245,Charlotte,MacIan,Y21hY2lhbjZxQGVkLmdvdg==,WkpWUmtGRzdlb0xj,114444
246,Christiana,O' Sullivan,Y29zdWxsaXZhbjZyQGJiYi5vcmc=,RkR1dkZuTVQ=,328801
247,Abelard,Vernau,YXZlcm5hdTZzQHNwcmluZ2VyLmNvbQ==,RGtyUHhWN3NzQ09D,636261
248,Rubia,Essex,cmVzc2V4NnRAdW5lc2NvLm9yZw==,ZDRCdkZVcEVSV1I=,693347
249,Ferne,Newhouse,Zm5ld2hvdXNlNnVAY3liZXJjaGltcHMuY29t,cHFUNXlmbw==,13215
250,Donielle,McDool,ZG1jZG9vbDZ2QGFtYXpvbi5kZQ==,SjFxWmtjQVdoWQ==,988931
251,Thedric,Lishman,dGxpc2htYW42d0Bzb3VwLmlv,aW9PcXVn,235554
252,Leoine,Ubee,bHViZWU2eEBkeW5kbnMub3Jn,aHdhUzhKVnBLSg==,723484
253,Marylynne,Brisson,bWJyaXNzb242eUBwcndlYi5jb20=,N0pJNFpnaXE=,687167
254,Madge,Bellwood,bWJlbGx3b29kNnpAYW9sLmNvbQ==,SmVYWUd2bkg=,120268
255,Rosabelle,Simmers,cnNpbW1lcnM3MEBsaXZlam91cm5hbC5jb20=,S1dFblRrSzgz,300000
256,Shepherd,Tawton,c3Rhd3RvbjcxQGJsb2dzLmNvbQ==,ck1iZjll,959255
257,Ansley,Moorcroft,YW1vb3Jjcm9mdDcyQG9wZXJhLmNvbQ==,TjFmN215,359193
258,Hesther,Blaxland,aGJsYXhsYW5kNzNAbmV0d29ya2FkdmVydGlzaW5nLm9yZw==,V1ptTWdOMUNrTDlN,189676
259,Harmony,Clelland,aGNsZWxsYW5kNzRAc3BoaW5uLmNvbQ==,ZkU3RUk3cEs=,859547
260,Leon,Maulin,bG1hdWxpbjc1QHNjaWVuY2VkYWlseS5jb20=,bjBncG4wQg==,699438
261,Kimberlyn,Roycroft,a3JveWNyb2Z0NzZAcmFrdXRlbi5jby5qcA==,V3V1WEliUUJM,655016
262,Bertina,Khotler,Ymtob3RsZXI3N0BuYXRpb25hbGdlb2dyYXBoaWMuY29t,ZlloSGFrTmwwejBB,99469
263,Angelo,Liversidge,YWxpdmVyc2lkZ2U3OEBnbnUub3Jn,YWl1UUJLUDFQZk53,49782
264,Karen,Petzold,a3BldHpvbGQ3OUB3aWtpc3BhY2VzLmNvbQ==,MXQwREJ4Yw==,617685
265,Matias,Linden,bWxpbmRlbjdhQHVuZXNjby5vcmc=,Skx1N0JhdUE=,787310
266,Birch,Ciobotaro,YmNpb2JvdGFybzdiQGFyY2hpdmUub3Jn,R3dlZTZsYWFs,418696
267,Kira,Alexsandrev,a2FsZXhzYW5kcmV2N2NAZmxhdm9ycy5tZQ==,RUh2Mjh4WnF2N0VT,726128
268,Forrest,Cratere,ZmNyYXRlcmU3ZEBhbWF6b24uY29t,eFhvZ2MySmRaag==,995842
269,Sharl,Cockshut,c2NvY2tzaHV0N2VAaHVmZmluZ3RvbnBvc3QuY29t,bG1rNlBMREdiOQ==,248734
270,Pennie,Antosch,cGFudG9zY2g3ZkB0bWFsbC5jb20=,aEI1OWJJNQ==,789468
271,Felipe,Allwell,ZmFsbHdlbGw3Z0BkYWdvbmRlc2lnbi5jb20=,YkU0UGE0RWI=,843746
272,Betsey,Quemby,YnF1ZW1ieTdoQHVjb3ouY29t,RHlMZk9U,623913
273,Noemi,Hards,bmhhcmRzN2lAaW5kaWVnb2dvLmNvbQ==,Q3BDV2NPdnNC,616638
274,Carter,Keming,Y2tlbWluZzdqQHdvb3RoZW1lcy5jb20=,bXFOaTlsVjk0S2M=,404643
275,Theodora,Reditt,dHJlZGl0dDdrQHZpcmdpbmlhLmVkdQ==,TEd2VDhkWk9zZGFi,251340
276,Bianca,Baddam,YmJhZGRhbTdsQGluc3RhZ3JhbS5jb20=,Y1RKOEQyenpi,970049
277,Roselin,Baudains,cmJhdWRhaW5zN21AZXhhbWluZXIuY29t,RzdaWXVi,706365
278,Honor,Matic,aG1hdGljN25AaG9zdGdhdG9yLmNvbQ==,TXBpVWlJbVF4TE1t,174378
279,Karoly,Burgum,a2J1cmd1bTdvQHBpbnRlcmVzdC5jb20=,cG9zdFBMVE1QVQ==,918788
280,Reggis,Penddreth,cnBlbmRkcmV0aDdwQGdvby5uZS5qcA==,WElJUUlWdVdiRWNR,179882
281,Ilsa,Neat,aW5lYXQ3cUBzbWguY29tLmF1,ZElwZUpt,462067
282,Rhodie,Stathers,cnN0YXRoZXJzN3JAZmMyLmNvbQ==,QktkN2Q0Uk9lRGQ=,543057
283,Adina,Ryley,YXJ5bGV5N3NAaHVkLmdvdg==,NDVKUExH,312979
284,Kippy,Barzen,a2Jhcnplbjd0QHZrb250YWt0ZS5ydQ==,ZWQ0WnpyS3VO,101094
285,Herta,Trimnell,aHRyaW1uZWxsN3VAY2hyb25vZW5naW5lLmNvbQ==,SkthZmpsNlp0WGVz,552617
286,Hi,Galloway,aGdhbGxvd2F5N3ZAZ21wZy5vcmc=,NWdWakhm,11994
287,Ulrick,Melross,dW1lbHJvc3M3d0Bnb29nbGUuZXM=,Q1dVNWhjTGNaTA==,949166
288,Jessee,Jaqueme,amphcXVlbWU3eEBkaWlnby5jb20=,djlKY2cwT2pN,341065
289,Teresita,Tinn,dHRpbm43eUBhcnRpc3RlZXIuY29t,RHJ4TFVrMHo=,170430
290,Gustav,Vreede,Z3ZyZWVkZTd6QG9wZW5zb3VyY2Uub3Jn,SlE0c29jcHNW,916336
291,Romain,Lindores,cmxpbmRvcmVzODBAZmxpY2tyLmNvbQ==,Q1pFUGlsY3A=,692548
292,Diego,Berkeley,ZGJlcmtlbGV5ODFAZ29vZ2xlLml0,eDQ0OGV2TDZU,408913
293,Barry,Artinstall,YmFydGluc3RhbGw4MkB1c2F0b2RheS5jb20=,alJCOWJUdFVUU0tE,237906
294,Teresita,Trewett,dHRyZXdldHQ4M0B3b290aGVtZXMuY29t,N0tYSjhuRVk=,54645
295,Marcia,Whayman,bXdoYXltYW44NEBwcmludGZyaWVuZGx5LmNvbQ==,ejdjSWJjRmYxaWY=,146061
296,Phaidra,Renoden,cHJlbm9kZW44NUBkZWRlY21zLmNvbQ==,NTRFVGtveg==,574596
297,Osborn,Mold,b21vbGQ4NkBtYWMuY29t,dWo5bDRocHdi,741254
298,Huey,Croser,aGNyb3Nlcjg3QG1lZGlhZmlyZS5jb20=,bEl2bDFIVU4=,884232
299,Sonny,Colwill,c2NvbHdpbGw4OEBvcmFjbGUuY29t,SlhNNmE2NA==,729530
300,Arlen,Guiel,YWd1aWVsODlAZ29vZ2xlLmNvLnVr,Mll1Qnh4Szc=,376142
301,Valentia,Klimp,dmtsaW1wOGFAYnVzaW5lc3N3aXJlLmNvbQ==,YjNPakd4OEQ3Qg==,181451
302,Matt,Keuntje,bWtldW50amU4YkBuZXR2aWJlcy5jb20=,QVBlS1d3OUJENmE=,870428
303,Romona,Krier,cmtyaWVyOGNAdXBlbm4uZWR1,V3RTM2tFZzE=,481022
304,Cherye,Mahy,Y21haHk4ZEBjZW5zdXMuZ292,bGIzRmIwSmhV,721315
305,Kacey,Delcastel,a2RlbGNhc3RlbDhlQG9yYWNsZS5jb20=,emdCSmJSNUQ=,825171
306,Jolene,Kynder,amt5bmRlcjhmQGdvb2dsZS5jYQ==,azZPQUFrclhmRVhV,261531
307,Selestina,Marjanovic,c21hcmphbm92aWM4Z0B2ay5jb20=,eEJTYWNIN1lO,951567
308,Winonah,Awty,d2F3dHk4aEB3aXJlZC5jb20=,aGlQSGJTQnE5bw==,449922
309,Peirce,Purcell,cHB1cmNlbGw4aUBjcmFpZ3NsaXN0Lm9yZw==,ajJ3YU5TWjdrWkFZ,429899
310,Francisco,Aspden,ZmFzcGRlbjhqQGV1cm9wYS5ldQ==,cXlXc0xFaXpa,848907
311,Cris,Swapp,Y3N3YXBwOGtAc3F1YXJlc3BhY2UuY29t,QXlQRXVtMQ==,402802
312,Tudor,Faldo,dGZhbGRvOGxAYmxvZ2dlci5jb20=,VlRhRDhDVE4=,163893
313,Flin,Quodling,ZnF1b2RsaW5nOG1AaGV4dW4uY29t,bklEWXJp,462869
314,Kiri,Fairman,a2ZhaXJtYW44bkB0cmlwb2QuY29t,WW56YzZyOXA=,161317
315,Damita,Bradborne,ZGJyYWRib3JuZThvQGRvbWFpbm1hcmtldC5jb20=,aUNhSHczR1RxelE4,626697
316,Amalee,Roscher,YXJvc2NoZXI4cEB0ZWNobm9yYXRpLmNvbQ==,QVBTNENWcDM5MA==,139651
317,Rosalynd,Chesson,cmNoZXNzb244cUBteXNwYWNlLmNvbQ==,dFQ4UUFOa05RTg==,70873
318,Jillane,Baguley,amJhZ3VsZXk4ckBpbmRpZWdvZ28uY29t,ZVZzVzBCYQ==,444466
319,Leonerd,Thorius,bHRob3JpdXM4c0BjZGJhYnkuY29t,dkpabjdM,951255
320,Emlyn,Tod,ZXRvZDh0QGltYWdlc2hhY2sudXM=,S3NoZ1VudXNL,249715
321,Kellina,Koeppe,a2tvZXBwZTh1QGRlLnZ1,VUw4WU1KQ0pL,622039
322,Sibley,Bilton,c2JpbHRvbjh2QHNvZ291LmNvbQ==,WTlGWXlp,976716
323,Antonie,Cleft,YWNsZWZ0OHdAY2hpY2Fnb3RyaWJ1bmUuY29t,ZmJJczRBT24=,50178
324,Liva,Coxhead,bGNveGhlYWQ4eEB2a29udGFrdGUucnU=,U1FDRWxZbVNFU0V2,278196
325,Dexter,Davidovits,ZGRhdmlkb3ZpdHM4eUBhbGliYWJhLmNvbQ==,SGZEdU1RNA==,764026
326,Lydia,Blaine,bGJsYWluZTh6QGNvbS5jb20=,dENucTFZ,797829
327,Dulce,Booi,ZGJvb2k5MEB5YWxlLmVkdQ==,WFRqYmU0Uw==,190063
328,Andre,Worcester,YXdvcmNlc3RlcjkxQHBvc3Rlcm91cy5jb20=,OEVIc0Fk,461942
329,Pauli,Silcock,cHNpbGNvY2s5MkBiaXpqb3VybmFscy5jb20=,UzM1ZXFBWkw=,151207
330,Rasla,Drewes,cmRyZXdlczkzQGdlb2NpdGllcy5jb20=,clk2SW5ZYUtu,314083
331,Bari,Thorbon,YnRob3Jib245NEBoaHMuZ292,eEZjUW5qU1Nhakc=,996205
332,Raynard,Paddington,cnBhZGRpbmd0b245NUBnZW9jaXRpZXMuanA=,amNQYWExR2VFNw==,622214
333,Dorry,Showell,ZHNob3dlbGw5NkBob3dzdHVmZndvcmtzLmNvbQ==,SWFsZWZwUmc=,522106
334,Veronika,Grebbin,dmdyZWJiaW45N0Bnb29nbGUuY29tLmJy,SHh4Z0xkcDJQbE9T,373925
335,Drucie,Friedlos,ZGZyaWVkbG9zOThAY2JzbmV3cy5jb20=,dVZHUVdkQUk=,777467
336,Martin,Ruffles,bXJ1ZmZsZXM5OUBib29raW5nLmNvbQ==,VjNBYUpjVXdwWlRR,658252
337,Hugues,Denslow,aGRlbnNsb3c5YUBwaG90b2J1Y2tldC5jb20=,NHRLWEt2cTVPYTQ=,925986
338,Elyn,Juzek,ZWp1emVrOWJAd2hpdGVob3VzZS5nb3Y=,YmtaUnBNVUJu,398417
339,Cherri,Eddie,Y2VkZGllOWNAY2FtLmFjLnVr,Rkw3RFVjcGxBbA==,848790
340,Alethea,Dixcee,YWRpeGNlZTlkQHNvdXJjZWZvcmdlLm5ldA==,dFdDVzhlUmNXOEE=,553127
341,Ida,MacGraith,aW1hY2dyYWl0aDllQHNvdXAuaW8=,TEs0Nmp2VHk=,300173
342,Tracey,Witherop,dHdpdGhlcm9wOWZAbmJjbmV3cy5jb20=,VnNidHNqUWZBcg==,474650
343,Weidar,Daltrey,d2RhbHRyZXk5Z0BsaXZlam91cm5hbC5jb20=,RVpQSEFtMkY2dWRM,23714
344,Wait,Devenish,d2RldmVuaXNoOWhAY2xvdWRmbGFyZS5jb20=,c1FVRWJxMHA3aw==,953252
345,Adina,Ben-Aharon,YWJlbmFoYXJvbjlpQGdvby5nbA==,SG13amt6UHR3,762908
346,Abdel,Rivitt,YXJpdml0dDlqQHdpa2lzcGFjZXMuY29t,TGFORXVwSXI=,965314
347,Blanca,Blaker,YmJsYWtlcjlrQDE2ODguY29t,U3ZtUnpiZHVNVjE=,451485
348,Else,Philp,ZXBoaWxwOWxAcGhvY2EuY3o=,OTdETHN4,713963
349,Deirdre,Abbots,ZGFiYm90czltQG1vemlsbGEub3Jn,RDJTMGQw,945544
350,Wandie,Tilford,d3RpbGZvcmQ5bkBkZWRlY21zLmNvbQ==,TVN0T3hSZ3VnelRR,586268
351,Tiffi,Alejandre,dGFsZWphbmRyZTlvQHVzYS5nb3Y=,U3ltMzJvaQ==,342941
352,Shayna,Northridge,c25vcnRocmlkZ2U5cEB2aW1lby5jb20=,SWxBT1hjeTVSVg==,467421
353,Tynan,Shrive,dHNocml2ZTlxQHBhZ2VzcGVyc28tb3JhbmdlLmZy,ZVNyaDNRbVVQemtx,78091
354,Marion,Poytress,bXBveXRyZXNzOXJAYW5nZWxmaXJlLmNvbQ==,a0p6RGZ1aWI1ZHg=,664495
355,Janaya,MacPherson,am1hY3BoZXJzb245c0BmcmllbmRmZWVkLmNvbQ==,UDBIVjBPSFU=,215621
356,Addi,Bernardes,YWJlcm5hcmRlczl0QHllbGxvd2Jvb2suY29t,QVdYZXRHT2pNcVg=,21139
357,Sidoney,Papps,c3BhcHBzOXVAbmF2ZXIuY29t,S2VRMUFB,393081
358,Bale,Harkness,YmhhcmtuZXNzOXZAc3F1YXJlc3BhY2UuY29t,UWRVZ2VIOTRWamZF,674343
359,Kara-lynn,Waliszek,a3dhbGlzemVrOXdAdzMub3Jn,S0lMdGpwVmxj,412559
360,Bea,Attrill,YmF0dHJpbGw5eEBueW1hZy5jb20=,UEUzZzd4b0txaA==,511554
361,Ibbie,Lenglet,aWxlbmdsZXQ5eUBkZXNkZXYuY24=,MzM1VlQ1bUx5bFc=,96151
362,Jay,Gummory,amd1bW1vcnk5ekB1Y296LnJ1,V2FQNGg5RWxWSg==,170762
363,Kyle,Everleigh,a2V2ZXJsZWlnaGEwQGZjMi5jb20=,ZFR5amZwbjZ1WTI3,761253
364,Jeffry,Coppins,amNvcHBpbnNhMUBkYWlseW1haWwuY28udWs=,YXhwWUNNQUJodw==,195802
365,Petrina,Skatcher,cHNrYXRjaGVyYTJAMXVuZDEuZGU=,bHhLa1J2,105663
366,Aggi,Varnam,YXZhcm5hbWEzQGdlb2NpdGllcy5qcA==,TGtaM01qdkxoU3o=,933556
367,Rriocard,Wynrahame,cnd5bnJhaGFtZWE0QGd1YXJkaWFuLmNvLnVr,U3lZd0haYTk=,807501
368,Chan,Garden,Y2dhcmRlbmE1QHllbGxvd2Jvb2suY29t,QmtLY1NDa1o=,874709
369,Corrinne,Gregore,Y2dyZWdvcmVhNkBzY2llbnRpZmljYW1lcmljYW4uY29t,S1JKdGVs,881009
370,Deeanne,Rushsorth,ZHJ1c2hzb3J0aGE3QGFiYy5uZXQuYXU=,TUZKWDho,537418
371,Winn,Mabson,d21hYnNvbmE4QHRpbnkuY2M=,bk4xeDlWVA==,632851
372,Jasmina,Kuhlmey,amt1aGxtZXlhOUBnb29nbGUuY28uanA=,U01MTzJuVUk=,318803
373,Lanni,Jaimez,bGphaW1lemFhQGdvb2dsZS5lcw==,dk14dkJJbXQ=,125297
374,Wells,Chinn,d2NoaW5uYWJAdmluYW9yYS5jb20=,c0JndlFVTU9iTQ==,633128
375,Abba,Dashper,YWRhc2hwZXJhY0Bib29raW5nLmNvbQ==,Q3N3b05j,532567
376,Clea,Scobbie,Y3Njb2JiaWVhZEBraWNrc3RhcnRlci5jb20=,MmZHcEF0MzQ=,469823
377,Gayler,McGray,Z21jZ3JheWFlQGRldmlhbnRhcnQuY29t,NVhCVFZ3MHI5aEp5,687231
378,Claudius,Du Hamel,Y2R1aGFtZWxhZkBoaWJ1LmNvbQ==,R1pDNWlINXU=,299227
379,Joellyn,Steeden,anN0ZWVkZW5hZ0BhbWF6b24uY28uanA=,V0pueGtn,721560
380,Broddie,Rittmeyer,YnJpdHRtZXllcmFoQGFsZXhhLmNvbQ==,Rm5xczltNnhT,78726
381,Maximilien,Brecken,bWJyZWNrZW5haUBjYW0uYWMudWs=,Q0JES3lLcw==,5582
382,Ethelyn,Stud,ZXN0dWRhakBmYXN0Y29tcGFueS5jb20=,QllBZnhKRTA=,61341
383,Ricki,Jolin,cmpvbGluYWtAc3BpZWdlbC5kZQ==,eFVQb2FEV1Y5VQ==,247721
384,Emili,Graal,ZWdyYWFsYWxAYWRtaW4uY2g=,VmUwY1p6OUFpOTd1,490939
385,Ruthann,Barff,cmJhcmZmYW1Ab2FrbGV5LmNvbQ==,Z0tBWHprZUVOWXI=,780519
386,Alasdair,Stonebanks,YXN0b25lYmFua3NhbkB1dGV4YXMuZWR1,TTBsMDdOTg==,774783
387,Ronnie,Bichard,cmJpY2hhcmRhb0Bkb3QuZ292,Uk5NZlVXeWwyR3k=,491391
388,Bertina,Watman,YndhdG1hbmFwQHVjc2QuZWR1,T1VWeHM5Q3h4,473463
389,Kyle,McPhelimey,a21jcGhlbGltZXlhcUBjaGluYS5jb20uY24=,UnQ1NDc4Y25sbw==,678177
390,Aldric,Secker,YXNlY2tlcmFyQGphcGFucG9zdC5qcA==,c2dxamIxeEk=,494067
391,Meghan,De Minico,bWRlbWluaWNvYXNAdGltZXNvbmxpbmUuY28udWs=,UXRxSjQ3bGQ3,182948
392,Berni,O'Brallaghan,Ym9icmFsbGFnaGFuYXRAbWVldHVwLmNvbQ==,eVpXdHJDOW9xZmZw,262120
393,Marybeth,Duffy,bWR1ZmZ5YXVAbXlzcWwuY29t,SkE2eDU0dmV6Wg==,465237
394,Roderick,Linthead,cmxpbnRoZWFkYXZAcmV1dGVycy5jb20=,N0M1dE1mZmE=,687604
395,Jordan,Twist,anR3aXN0YXdAc29nb3UuY29t,d0VDMmxFQ0l0,184710
396,Paddy,McKeowon,cG1ja2Vvd29uYXhAdW9sLmNvbS5icg==,T3NsWXk5V2hKTA==,260714
397,Dulci,Heppner,ZGhlcHBuZXJheUA0c2hhcmVkLmNvbQ==,MWhhTndPVThK,214477
398,Ginger,Buttrum,Z2J1dHRydW1hekBmcmllbmRmZWVkLmNvbQ==,WFpZVDBGY1p4,629001
399,Barri,Charlesworth,YmNoYXJsZXN3b3J0aGIwQGloZy5jb20=,dmdKZGFB,704256
400,Bernardine,Artois,YmFydG9pc2IxQGltYWdlc2hhY2sudXM=,NWgzRE5C,754462
401,Teressa,Kingstne,dGtpbmdzdG5lYjJAc3RhdGUudHgudXM=,azRiWE9FMnc4b2E=,879102
402,Justine,Skittrell,anNraXR0cmVsbGIzQHVpdWMuZWR1,bktxaXpyaHdp,180177
403,Jaquenette,Westcarr,andlc3RjYXJyYjRAcHJpbmNldG9uLmVkdQ==,Q3lnTHNUZm1meWI=,342614
404,Edgar,Mathwin,ZW1hdGh3aW5iNUB1bW4uZWR1,V3NobmE4,432870
405,Daren,Sweetlove,ZHN3ZWV0bG92ZWI2QGV1cm9wYS5ldQ==,VVZ2V0xPRGto,15108
406,Joeann,Rushbury,anJ1c2hidXJ5YjdAYWJvdXQuY29t,REI4VHNabmt5dVU=,723311
407,Katerine,Issett,a2lzc2V0dGI4QGdvLmNvbQ==,RzRzeUFv,44377
408,Pacorro,Crosetti,cGNyb3NldHRpYjlAaXNzdXUuY29t,VnlyNnlLaDh0,458907
409,Aridatha,Chaffen,YWNoYWZmZW5iYUBucHMuZ292,ZjlGenI4R1J2Sw==,754153
410,Cynthie,Schwand,Y3NjaHdhbmRiYkBkaWdnLmNvbQ==,akpCNzVvRzQ=,399705
411,Asia,Du Fray,YWR1ZnJheWJjQHRlZC5jb20=,Mks1aXdKdE1YbA==,960165
412,Channa,Jerdon,Y2plcmRvbmJkQDUxLmxh,cVN3RWZHcHI=,866975
413,Flor,Wheelband,ZndoZWVsYmFuZGJlQGphbGJ1bS5uZXQ=,SXgyUkVtV1Q=,767670
414,Wini,Culham,d2N1bGhhbWJmQHVzYS5nb3Y=,Q2RVaURlamtjeGVT,319244
415,Allie,Molesworth,YW1vbGVzd29ydGhiZ0BqaW1kby5jb20=,cVcxNkZaYnlVQ1A=,498260
416,Sim,Aymeric,c2F5bWVyaWNiaEB0cmlwb2QuY29t,QjBMNlZnanhlRGxX,603461
417,Johnathon,Divers,amRpdmVyc2JpQHdpbGV5LmNvbQ==,OHhSaXJRVjRkUnJP,3577
418,Dulciana,McBeath,ZG1jYmVhdGhiakBwcm5ld3N3aXJlLmNvbQ==,TUd5cWJVZEU=,459922
419,Mike,Coole,bWNvb2xlYmtAZXBhLmdvdg==,TWt5VG0ydGhu,764343
420,Madelina,Raithbie,bXJhaXRoYmllYmxAYmxvZ2xvdmluLmNvbQ==,QXhtRnhtVEpodw==,626545
421,Cahra,Cammock,Y2NhbW1vY2tibUBlZXB1cmwuY29t,ODFoWXBi,126754
422,Katey,Woodyatt,a3dvb2R5YXR0Ym5AdWNvei5jb20=,TFExR1ptZ25peQ==,40178
423,Desi,Sammon,ZHNhbW1vbmJvQGRyb3Bib3guY29t,ZGo0d25uSjZ3Tg==,313246
424,Toby,Gapper,dGdhcHBlcmJwQHBsYWxhLm9yLmpw,WGNRZXl6RWRWYWQ=,354296
425,Rhea,Lesmonde,cmxlc21vbmRlYnFAdGltZXNvbmxpbmUuY28udWs=,djlIaVcyVg==,990096
426,Wrennie,Bernhard,d2Jlcm5oYXJkYnJAb21uaXR1cmUuY29t,SENOSVc2ZXAxTQ==,193586
427,Tabbitha,Shillabeer,dHNoaWxsYWJlZXJic0BzcHJpbmdlci5jb20=,T0tieVhw,371828
428,Hussein,Audritt,aGF1ZHJpdHRidEBhbHRlcnZpc3RhLm9yZw==,bldYZXNYTExONw==,523860
429,Dolores,Sabban,ZHNhYmJhbmJ1QGVlcHVybC5jb20=,QkxLSTU1,643567
430,Vanya,Babbidge,dmJhYmJpZGdlYnZAc3ltYW50ZWMuY29t,UzZacjczUktINkdW,745567
431,Leelah,Senior,bHNlbmlvcmJ3QGRpaWdvLmNvbQ==,eGVQNlMw,146591
432,Ashlee,Braden,YWJyYWRlbmJ4QGppYXRoaXMuY29t,bDlRazRzdHAyREM=,544940
433,Leona,Rean,bHJlYW5ieUBidXNpbmVzc3dpcmUuY29t,bDlkZm5yUw==,587056
434,Monica,Truett,bXRydWV0dGJ6QHByaW50ZnJpZW5kbHkuY29t,b3NMUkRN,768643
435,Trix,Cerie,dGNlcmllYzBAd2Vicy5jb20=,RmtIaGRM,939753
436,Nev,Daoust,bmRhb3VzdGMxQHJlZGRpdC5jb20=,ejZCS3dOYQ==,948547
437,Fernande,Tilbey,ZnRpbGJleWMyQG1paXRiZWlhbi5nb3YuY24=,dE9Db3JJTg==,293320
438,Tod,Eger,dGVnZXJjM0BlYmF5LmNvbQ==,OWZ6bFVZNlM1OVg=,669508
439,Sibylla,Berthomier,c2JlcnRob21pZXJjNEBzdGFuZm9yZC5lZHU=,MzhCTFdr,627531
440,Mirelle,Reder,bXJlZGVyYzVAY3JlYXRpdmVjb21tb25zLm9yZw==,cjNyRk94Sw==,291491
441,Prent,Teaser,cHRlYXNlcmM2QHRlY2hjcnVuY2guY29t,bm1HN1NNcg==,32614
442,Prudy,Byer,cGJ5ZXJjN0Bnb29nbGUuZGU=,dm9mSGFUdml1,484449
443,Tally,Gotfrey,dGdvdGZyZXljOEBpbmZvc2Vlay5jby5qcA==,c25RYnRJcXc4,445938
444,Uriel,Guille,dWd1aWxsZWM5QGJhbmRjYW1wLmNvbQ==,dkViYUdLZQ==,700245
445,Kermie,Espinha,a2VzcGluaGFjYUBjb2x1bWJpYS5lZHU=,ZXNqbVM1UEE=,736747
446,Harley,Belcham,aGJlbGNoYW1jYkBnb29nbGUuZnI=,d1RCenFsMHNSYw==,955335
447,Candra,Lakenton,Y2xha2VudG9uY2NAaG9tZS5wbA==,bHlOMFB2RlRXb0s=,225388
448,Casey,Roark,Y3JvYXJrY2RAZS1yZWNodDI0LmRl,TVlhUnNO,290582
449,Francene,Polfer,ZnBvbGZlcmNlQGdpem1vZG8uY29t,OVBuU0V3aDFKZXc=,600379
450,Deane,Obington,ZG9iaW5ndG9uY2ZAZGlzY3V6Lm5ldA==,VkllVDN5OHk=,777550
451,Kristy,Basile,a2Jhc2lsZWNnQHdvcmRwcmVzcy5jb20=,YTI0eWtqNk52TXA=,239556
452,Asia,Tudge,YXR1ZGdlY2hAcmVkZGl0LmNvbQ==,d09tUEhkaA==,556661
453,Mellisa,Maty,bW1hdHljaUBpbnRlbC5jb20=,WmRWNzk3cg==,250121
454,Ruthe,Francke,cmZyYW5ja2VjakBsaXN0LW1hbmFnZS5jb20=,dVhDZElwdGM=,171061
455,Rosabel,Giovannardi,cmdpb3Zhbm5hcmRpY2tAdG9wbGlzdC5jeg==,ZVhJRUpNcWZSUkU5,103036
456,Isobel,Seth,aXNldGhjbEBjbG91ZGZsYXJlLmNvbQ==,Nmtzb1NMVHRZNw==,195961
457,Nicholas,Osman,bm9zbWFuY21AZ29vLm5lLmpw,REJ1b3Jobg==,870110
458,Errol,Bodimeade,ZWJvZGltZWFkZWNuQGJlcmtlbGV5LmVkdQ==,Y0dnS1B1ZUc4Tw==,691286
459,Melessa,Beardow,bWJlYXJkb3djb0Bob3dzdHVmZndvcmtzLmNvbQ==,ZXVidzdaRXU=,782452
460,Andrus,MacCollom,YW1hY2NvbGxvbWNwQG55bWFnLmNvbQ==,aGpCTWhjY1A=,916183
461,Aube,Klezmski,YWtsZXptc2tpY3FAdHV0dG9jaXR0YS5pdA==,WXNTeFNzYmZ2Mw==,103252
462,Lin,Peacop,bHBlYWNvcGNyQG1hYy5jb20=,MkdWNGF2QWMzSA==,645043
463,Any,Barnewille,YWJhcm5ld2lsbGVjc0B4aW5nLmNvbQ==,czRRaEl5ejI=,477057
464,Dido,Peteri,ZHBldGVyaWN0QHVzZGEuZ292,ZHpZUUdXeA==,274479
465,Urbain,Narbett,dW5hcmJldHRjdUB0cmlwb2QuY29t,b1FCVVdXSjdH,512673
466,Wynn,Paprotny,d3BhcHJvdG55Y3ZAc3VydmV5bW9ua2V5LmNvbQ==,NWVEaWlVTFlMY0F5,167289
467,Khalil,Dewire,a2Rld2lyZWN3QGdyYXZhdGFyLmNvbQ==,Mmg5Ymkz,154222
468,Elvina,Zanioletti,ZXphbmlvbGV0dGljeEBidXNpbmVzc3dpcmUuY29t,dFdNaTdMQzE=,283496
469,Wally,Abadam,d2FiYWRhbWN5QHlvbGFzaXRlLmNvbQ==,VUpjM2xz,860983
470,Linnell,Tefft,bHRlZmZ0Y3pAYmluZy5jb20=,bDRHekRi,176597
471,Eustacia,Hubbocks,ZWh1YmJvY2tzZDBAbnl1LmVkdQ==,VTd4UFpvY3B1cw==,373425
472,Leigha,Stebbings,bHN0ZWJiaW5nc2QxQGFtZWJsby5qcA==,ZHRBYkFZV0JR,328268
473,Tallie,St. Ledger,dHN0bGVkZ2VyZDJAYW1hem9uYXdzLmNvbQ==,bTNibzFMRENyTw==,36910
474,Melloney,Crackett,bWNyYWNrZXR0ZDNAbmV0dmliZXMuY29t,OThFa0FJMGhn,98683
475,Innis,Liddle,aWxpZGRsZWQ0QGphcGFucG9zdC5qcA==,YUlsRmExNFl2djY=,226270
476,Herbie,Hutcheons,aGh1dGNoZW9uc2Q1QG9wZXJhLmNvbQ==,dG93WXZEaFJ2SEY=,889090
477,Mitchael,Skyrme,bXNreXJtZWQ2QGRlbGwuY29t,S0padG5SWGRaOW0x,935769
478,Colin,Endon,Y2VuZG9uZDdAY2Vuc3VzLmdvdg==,azN4YVdOeQ==,810757
479,Brad,Gillhespy,YmdpbGxoZXNweWQ4QGNhZmVwcmVzcy5jb20=,bzgwQUowSQ==,492059
480,Janessa,Rentenbeck,anJlbnRlbmJlY2tkOUBpbmRpYXRpbWVzLmNvbQ==,QmQ2eDZWQw==,777332
481,Ignaz,Underwood,aXVuZGVyd29vZGRhQHRlZC5jb20=,ODJXNG45VEw3,274159
482,Derby,Packe,ZHBhY2tlZGJAY29tc2Vuei5jb20=,dUxQeEN3,78672
483,Libbie,Shanahan,bHNoYW5haGFuZGNAYnVzaW5lc3N3ZWVrLmNvbQ==,UEhhWTR2S2I=,546701
484,Nealon,Hutcheon,bmh1dGNoZW9uZGRAdXNncy5nb3Y=,aERjbjY3SkppRFBi,484716
485,Valentijn,Eales,dmVhbGVzZGVAYWRtaW4uY2g=,dVduZUhoeGE2Nw==,38637
486,Alden,Habbergham,YWhhYmJlcmdoYW1kZkB1bW4uZWR1,QnJJZGUxY1A=,901460
487,Ignazio,Crone,aWNyb25lZGdAeW91dHViZS5jb20=,SlZtanBpdGlU,52350
488,Dorene,Goakes,ZGdvYWtlc2RoQHRpbnl1cmwuY29t,bWs4dUlQR0ZXNWtE,701414
489,Camala,Tillyer,Y3RpbGx5ZXJkaUBiZWhhbmNlLm5ldA==,ZllRT3NnVUUxSTNL,300689
490,Veronike,Duplain,dmR1cGxhaW5kakBibG9nc3BvdC5jb20=,SXY4TENqckhaRjY=,729028
491,Kinny,Jilkes,a2ppbGtlc2RrQG55bWFnLmNvbQ==,aDhvV1A0MHRj,975684
492,Koral,Snook,a3Nub29rZGxAZGUudnU=,eUtTMDNm,536726
493,Anjanette,Ickovits,YWlja292aXRzZG1AZWJheS5jby51aw==,MlN0ZEVD,223733
494,Birk,Moorerud,Ym1vb3JlcnVkZG5Ac3VydmV5bW9ua2V5LmNvbQ==,a1N5OU5mbGN0NQ==,556845
495,Marysa,Nickless,bW5pY2tsZXNzZG9AYXJjaGl2ZS5vcmc=,eTdiY1dtaGJYYk9J,168624
496,Ekaterina,Children,ZWNoaWxkcmVuZHBAZGlvbi5uZS5qcA==,TTFTSlRTR3NI,834010
497,Barnie,Janecki,YmphbmVja2lkcUBwZW4uaW8=,QXBCdTE5Y3I=,487190
498,Farlay,Simmonett,ZnNpbW1vbmV0dGRyQHZpc3RhcHJpbnQuY29t,dVBVQXhRRWUzYnc=,347957
499,Vilma,Corser,dmNvcnNlcmRzQGJsb2d0YWxrcmFkaW8uY29t,dVhSeDVkbHJn,426175
500,Sheena,Reeders,c3JlZWRlcnNkdEBiaWdjYXJ0ZWwuY29t,WFBsOHBySzlDUkU=,807181
501,Kellina,Dufour,a2R1Zm91cmR1QHVzdHJlYW0udHY=,ek9USkpJWDlFQThB,315121
502,Peggi,Volcker,cHZvbGNrZXJkdkBuaHMudWs=,OTRvMUlBRlR4,955011
503,Benjamin,Flecknoe,YmZsZWNrbm9lZHdAbW96aWxsYS5vcmc=,bWh4SHJX,171472
504,Dieter,Stanney,ZHN0YW5uZXlkeEBwb3N0ZXJvdXMuY29t,SnF4cW9sMDI0WUI=,722514
505,Katheryn,Benkin,a2JlbmtpbmR5QGRtb3oub3Jn,d1JEcUk5WA==,627847
506,Duane,Ferroni,ZGZlcnJvbmlkekBqb29tbGEub3Jn,aUZBZENmdw==,4267
507,Rubia,Shinfield,cnNoaW5maWVsZGUwQGhpYnUuY29t,SjFRcWpNNWtQVkdS,280091
508,Barret,Levensky,YmxldmVuc2t5ZTFAbW9vbmZydWl0LmNvbQ==,N1RnNlg4NEJnTko=,654075
509,Benedetta,Geely,YmdlZWx5ZTJAd2VibWQuY29t,WVdEYTZmckRTZHFQ,518602
510,Elbertine,Cathery,ZWNhdGhlcnllM0BoYXRlbmEubmUuanA=,VU1NUk5wd1RwZE0=,406733
511,Prisca,Boulger,cGJvdWxnZXJlNEB0aW1lc29ubGluZS5jby51aw==,cldIcHhnSVlURA==,212306
512,Aylmer,Clubbe,YWNsdWJiZWU1QGJlaGFuY2UubmV0,cGI2cWxxT00=,861141
513,Jinny,Crossgrove,amNyb3NzZ3JvdmVlNkBsaXN0LW1hbmFnZS5jb20=,SFMwVVh5WDE=,328568
514,Park,Wrightim,cHdyaWdodGltZTdAbGFzdC5mbQ==,RHk3WE84aUk=,418136
515,Tootsie,Line,dGxpbmVlOEBwYXJhbGxlbHMuY29t,OGlQeExKNnhiOWc=,262735
516,George,Goldson,Z2dvbGRzb25lOUBzaHV0dGVyZmx5LmNvbQ==,REVvcm9Rcg==,870187
517,Hussein,Amott,aGFtb3R0ZWFAYXBwbGUuY29t,YkZ4QkliMTRmaHo=,337113
518,Reinwald,Lambard,cmxhbWJhcmRlYkB3b3JkcHJlc3MuY29t,TEh2Rm5rckZn,341817
519,Natala,Lewsey,bmxld3NleWVjQG15c3BhY2UuY29t,M2lyNVpYVA==,588010
520,Jodie,Stot,anN0b3RlZEB0cmlwYWR2aXNvci5jb20=,SHg1M2RT,857904
521,Cobb,Whapham,Y3doYXBoYW1lZUBsaXZlaW50ZXJuZXQucnU=,V2ZMWjVsUw==,530474
522,Berri,Brownsea,YmJyb3duc2VhZWZAd3Vmb28uY29t,SXhjWFBS,355930
523,Orel,Wraight,b3dyYWlnaHRlZ0BkZWRlY21zLmNvbQ==,Y2tvckprVG9kNVc=,842790
524,Katie,Heephy,a2hlZXBoeWVoQHN0YW5mb3JkLmVkdQ==,WmRsVnN6S0RsRmIw,224174
525,Willetta,Saintsbury,d3NhaW50c2J1cnllaUBhZGR0aGlzLmNvbQ==,VFh0WkU1,878360
526,Bette,Chaimson,YmNoYWltc29uZWpAZGUudnU=,aUM5eXk3dA==,175610
527,Alysia,Joselovitch,YWpvc2Vsb3ZpdGNoZWtAeWFob28uY29t,YmFKMWl4dFZrYg==,587119
528,Bonny,Wherrit,YndoZXJyaXRlbEBhdWRhLm9yZy5hdQ==,Tzd0QTlRanA=,558390
529,Georgi,Hanes,Z2hhbmVzZW1Ad3NqLmNvbQ==,bWNTZzZEVklkQmdQ,215813
530,Talbert,Josland,dGpvc2xhbmRlbkBpbWd1ci5jb20=,RXJRV0JFVjNXUHo=,174390
531,Abagail,Burstowe,YWJ1cnN0b3dlZW9Ac2NpZW5jZWRhaWx5LmNvbQ==,Mm82Zzg2Y0E3,727236
532,Sidney,Sall,c3NhbGxlcEBpc3RvY2twaG90by5jb20=,OEdLb3dtem9vRThp,49125
533,Benni,Loverock,YmxvdmVyb2NrZXFAYXJ0aXN0ZWVyLmNvbQ==,SGZsYXMxMGg=,308378
534,Beckie,Mallen,Ym1hbGxlbmVyQGdudS5vcmc=,TkZVcmJXY3VZ,169117
535,Rory,Vassay,cnZhc3NheWVzQHNoaW55c3RhdC5jb20=,RjRRRUZTMWI=,643321
536,Tony,Bussen,dGJ1c3NlbmV0QGJ1c2luZXNzd2Vlay5jb20=,UVFYTTJndQ==,801341
537,Alon,Howie,YWhvd2llZXVAdmlyZ2luaWEuZWR1,cFRwME5ZajE=,745510
538,Kelli,Pemble,a3BlbWJsZWV2QDUxLmxh,NjZqTmVEc1JSRVFr,825787
539,Flossi,Bould,ZmJvdWxkZXdAZGVkZWNtcy5jb20=,bUtRZHNPS0FCTnVS,885684
540,Ailbert,Bockin,YWJvY2tpbmV4QGUtcmVjaHQyNC5kZQ==,Y2p2bjFIdTBLZzQ=,881840
541,Rochelle,Harrisson,cmhhcnJpc3NvbmV5QGNsaWNrYmFuay5uZXQ=,N25TTllmMnRSWQ==,967662
542,Dalston,Don,ZGRvbmV6QHNoYXJlYXNhbGUuY29t,blhSc2lPZlZZMTdw,926957
543,Carolynn,Krzyzanowski,Y2tyenl6YW5vd3NraWYwQGppYXRoaXMuY29t,NThOQnFB,759067
544,Darrell,Ewart,ZGV3YXJ0ZjFAY2hpY2Fnb3RyaWJ1bmUuY29t,dVFFT0lkajZmTXc=,263800
545,Rhodia,Elstub,cmVsc3R1YmYyQGtpY2tzdGFydGVyLmNvbQ==,dlFFdE9tcDFnalcy,678458
546,Kayle,Topham,a3RvcGhhbWYzQHR1dHRvY2l0dGEuaXQ=,M0M5bkxzWUhY,274653
547,Durante,Oki,ZG9raWY0QHNvLW5ldC5uZS5qcA==,QklrdzVQb1RwNmtP,528581
548,Bren,Gregg,YmdyZWdnZjVAd2lzYy5lZHU=,cVBuZklUa2tqdQ==,397918
549,Justino,Trahar,anRyYWhhcmY2QGZ0Yy5nb3Y=,eDBvQmpkYlA=,695167
550,Raina,Worham,cndvcmhhbWY3QHN1bi5jb20=,OWFNZTlHVno=,989090
551,Ciro,Saunter,Y3NhdW50ZXJmOEBlcGEuZ292,a3QwSlo4b1FibA==,486829
552,Bebe,Tomasik,YnRvbWFzaWtmOUBzb3VyY2Vmb3JnZS5uZXQ=,YVpldkRV,545557
553,Perren,Douglas,cGRvdWdsYXNmYUBmbGF2b3JzLm1l,YWhtQTlYVko=,300665
554,Dwayne,Duchenne,ZGR1Y2hlbm5lZmJAcXVhbnRjYXN0LmNvbQ==,OHF5RnY0aUMyU20=,736381
555,Page,Furtado,cGZ1cnRhZG9mY0BkbW96Lm9yZw==,VHp6OHYzTVk=,305098
556,Kaylyn,Danzig,a2RhbnppZ2ZkQHZhLmdvdg==,ekVnMzhOcEV1SDA0,512765
557,Erny,Nursey,ZW51cnNleWZlQGhocy5nb3Y=,OGVrRWttSzRDOA==,280213
558,Irwinn,Lethieulier,aWxldGhpZXVsaWVyZmZAaXN0b2NrcGhvdG8uY29t,OENaOHF4Q2dJ,308787
559,Gayler,Chessor,Z2NoZXNzb3JmZ0BldXJvcGEuZXU=,QTdnU01UMnE=,163736
560,Avram,Gomer,YWdvbWVyZmhAY3liZXJjaGltcHMuY29t,cG9VOURiMg==,427302
561,Sarette,Govini,c2dvdmluaWZpQGNhLmdvdg==,cllBS2h4RVg=,784675
562,Esra,Eastman,ZWVhc3RtYW5makBwcmluY2V0b24uZWR1,SGJVNFZDVUljNw==,419051
563,Kirstyn,Pohling,a3BvaGxpbmdma0BlYmF5LmNvbQ==,azduM1VNUkk=,34629
564,Avis,Chese,YWNoZXNlZmxAbGl2ZWludGVybmV0LnJ1,bkhUNndmSzRVT3A=,173443
565,Bruis,Paulsson,YnBhdWxzc29uZm1AamF2YS5jb20=,NHZFdnpudlVxZg==,562738
566,Corby,Andrys,Y2FuZHJ5c2ZuQGNkYy5nb3Y=,ZGFHd2RicFdWQm40,80061
567,Iosep,Newbury,aW5ld2J1cnlmb0BteXNwYWNlLmNvbQ==,d0FkYTBqSnQ5OXlG,207858
568,Piotr,Delong,cGRlbG9uZ2ZwQHNha3VyYS5uZS5qcA==,d21OdmpCVA==,268859
569,Charlie,Zealey,Y3plYWxleWZxQHN0YXRlLmdvdg==,UW1KSmRmMHR6,902879
570,Basil,Hourihane,YmhvdXJpaGFuZWZyQHVvbC5jb20uYnI=,THRydXEyNExJbw==,636361
571,Andrey,Hanks,YWhhbmtzZnNAdC1vbmxpbmUuZGU=,U2UzWnpjek5qdFA=,653023
572,Danie,Weerdenburg,ZHdlZXJkZW5idXJnZnRAaW5kZXBlbmRlbnQuY28udWs=,S3JKNDFHcEJvVw==,565669
573,Rita,Mirfield,cm1pcmZpZWxkZnVAZ29vZ2xlLmNvbS5icg==,WUxpVFFBamJ4,578880
574,Rene,Navein,cm5hdmVpbmZ2QG5hdmVyLmNvbQ==,NUxmZVFTOTNr,350665
575,Archer,Dalgarnowch,YWRhbGdhcm5vd2NoZndAYXJjaGl2ZS5vcmc=,SFpBZHRycDg=,70486
576,Beckie,Baudi,YmJhdWRpZnhAc3ltYW50ZWMuY29t,RHcxenU5Zw==,704627
577,Emilia,Lockney,ZWxvY2tuZXlmeUBvcmFjbGUuY29t,STZ3MXJs,70237
578,Ursuline,Baillie,dWJhaWxsaWVmekBvcmFjbGUuY29t,bllIamVodXNJRm4=,553758
579,Gennie,Bloxsom,Z2Jsb3hzb21nMEBiaW5nLmNvbQ==,RHRVTWRtMEpB,929034
580,Sylvia,Conichie,c2NvbmljaGllZzFAc3R1bWJsZXVwb24uY29t,NEVTTnJOMkM=,758296
581,Janos,Emes,amVtZXNnMkBnb3YudWs=,ekdnRUtaUQ==,957146
582,Chantal,McMonies,Y21jbW9uaWVzZzNAbGlua2VkaW4uY29t,dlRNbFVoaTZ2,455088
583,Cori,Goschalk,Y2dvc2NoYWxrZzRAZWxlZ2FudHRoZW1lcy5jb20=,TXVJaWlI,269471
584,Mariellen,Ilyas,bWlseWFzZzVAaGMzNjAuY29t,dkxvZzNkM3R5,467906
585,Yuma,St Clair,eXN0Y2xhaXJnNkBuaHMudWs=,bHlmdTZ4,219930
586,Ferdy,Bantham,ZmJhbnRoYW1nN0BhbGV4YS5jb20=,enpkV2VPdDNVZktN,910864
587,Lindsey,Rome,bHJvbWVnOEBmZWVkYnVybmVyLmNvbQ==,aXRhaE9GZU1RQzk=,715393
588,Derron,Foukx,ZGZvdWt4ZzlAbmF0aW9uYWxnZW9ncmFwaGljLmNvbQ==,VWNLMk5JNlRJRQ==,355529
589,Hope,Gerrell,aGdlcnJlbGxnYUB3c2ouY29t,aEVvY0R4Sm5xUmVm,486089
590,Ozzie,Udale,b3VkYWxlZ2JAcHJpbnRmcmllbmRseS5jb20=,bG9vcmI3MEw2bQ==,713473
591,Trip,Bissex,dGJpc3NleGdjQGxhc3QuZm0=,ZTNhenZLUGRoQg==,428644
592,Helli,Casassa,aGNhc2Fzc2FnZEBzaHV0dGVyZmx5LmNvbQ==,SWV0bVM0MUw=,566518
593,Angil,Pearmine,YXBlYXJtaW5lZ2VAcGludGVyZXN0LmNvbQ==,UUtIamE3OG5w,276211
594,Bertram,Pallin,YnBhbGxpbmdmQGFuc3dlcnMuY29t,ZHlIemhR,70459
595,Bathsheba,Keune,YmtldW5lZ2dAdWNvei5jb20=,S1kydnVETFlCRg==,38533
596,Randy,Sitford,cnNpdGZvcmRnaEBodWZmaW5ndG9ucG9zdC5jb20=,RU16Q2FqcjlLbnk=,3704
597,Tessie,Binyon,dGJpbnlvbmdpQHRoZWF0bGFudGljLmNvbQ==,WlZoVUZaS2RyRlU=,419811
598,Rockwell,Malcolm,cm1hbGNvbG1nakBsaXZlLmNvbQ==,NU5Fazh4VzlnWQ==,201286
599,Venus,De Meis,dmRlbWVpc2drQG11bHRpcGx5LmNvbQ==,ZDROZ2hXMDg=,337068
600,Gilberto,Lowers,Z2xvd2Vyc2dsQGFybXkubWls,dUk3VHZSclZ3Rg==,653446
601,Gabriello,Cardoo,Z2NhcmRvb2dtQGNkYy5nb3Y=,aWk1TUxWQg==,38613
602,Armin,Chinnock,YWNoaW5ub2NrZ25AcGF0Y2guY29t,QnV4bGdRUDFVSw==,39997
603,Salvador,Gorges,c2dvcmdlc2dvQGNyZWF0aXZlY29tbW9ucy5vcmc=,MXNTZ3dnTzZPdTBp,353462
604,Maria,Kevane,bWtldmFuZWdwQHNha3VyYS5uZS5qcA==,OWdrWG9mSTMzYQ==,852185
605,Kathy,Impett,a2ltcGV0dGdxQHRoZWdsb2JlYW5kbWFpbC5jb20=,SlE4eVNY,79799
606,Brit,Armell,YmFybWVsbGdyQHJlZGlmZi5jb20=,bXFuR095QWUzeQ==,724536
607,Earvin,Kinahan,ZWtpbmFoYW5nc0BqYWxidW0ubmV0,endaeWx5MFA=,14764
608,Mellisent,Kolushev,bWtvbHVzaGV2Z3RAd2Vicy5jb20=,QzV2YUZBSQ==,50406
609,Leon,Fallanche,bGZhbGxhbmNoZWd1QHR1dHRvY2l0dGEuaXQ=,MHIwVUp5alo=,65414
610,Bibby,O'Grady,Ym9ncmFkeWd2QHRoZXRpbWVzLmNvLnVr,RDNoYkJyQkJQbGc=,476645
611,Annalee,Liddell,YWxpZGRlbGxnd0BuYXRpb25hbGdlb2dyYXBoaWMuY29t,cWVjZjJmME56,523092
612,Wilbur,Aglione,d2FnbGlvbmVneEBhY3F1aXJldGhpc25hbWUuY29t,VDNXYXg0bTY=,58954
613,Tatum,Fumagallo,dGZ1bWFnYWxsb2d5QGZvcmJlcy5jb20=,TkJvZm43,42645
614,Kassandra,Iceton,a2ljZXRvbmd6QGdvb2dsZS5jb20uaGs=,ZjlZRzhwakxK,637411
615,Pat,Tomley,cHRvbWxleWgwQGhocy5nb3Y=,alA5ZVp0Qmc=,617887
616,Johann,Reboulet,anJlYm91bGV0aDFAaG93c3R1ZmZ3b3Jrcy5jb20=,SzNPWHlsR2I=,421642
617,Anne-corinne,Kennea,YWtlbm5lYWgyQHdlYnMuY29t,YjRScTFaMGZmTzM=,36123
618,Georgiana,Zincke,Z3ppbmNrZWgzQHZpc3RhcHJpbnQuY29t,SkRoR3dZWklLczlW,928656
619,Krystle,Rushworth,a3J1c2h3b3J0aGg0QHZrb250YWt0ZS5ydQ==,cmRaVEhEcGVTRDg=,105104
620,Laurence,Obell,bG9iZWxsaDVAYW9sLmNvbQ==,R29sckVM,443260
621,Ginnie,Matherson,Z21hdGhlcnNvbmg2QGJiYy5jby51aw==,SUR5ZnN4TnY=,328426
622,Lauritz,Sirrell,bHNpcnJlbGxoN0BzcGhpbm4uY29t,ZGpCdGxw,945686
623,Jayme,McCourt,am1jY291cnRoOEBwcmludGZyaWVuZGx5LmNvbQ==,SmN1YzYydjNl,327736
624,Giacomo,Rizzotto,Z3JpenpvdHRvaDlAZWxwYWlzLmNvbQ==,OFM0eWtqOTQ=,475901
625,Lorrayne,Somerfield,bHNvbWVyZmllbGRoYUB1Y2xhLmVkdQ==,VWJmcWYwZ09G,782503
626,Christian,Lazenbury,Y2xhemVuYnVyeWhiQGFtYXpvbi5jb20=,Umhsb3RRZGJV,181953
627,Cher,Downing,Y2Rvd25pbmdoY0BzaGlueXN0YXQuY29t,RTZPMnZxbk1H,163540
628,Claudell,Doe,Y2RvZWhkQG5ldHdvcmthZHZlcnRpc2luZy5vcmc=,c25oSWhK,769004
629,Nerte,Eykelbosch,bmV5a2VsYm9zY2hoZUBzaG9wLXByby5qcA==,ODhQejBmVTZadThT,873570
630,Pansie,Hessle,cGhlc3NsZWhmQGNic2xvY2FsLmNvbQ==,eDBWM2R1b28=,489067
631,Kirsten,Piff,a3BpZmZoZ0BzZWF0dGxldGltZXMuY29t,amp3RmlPbFRr,20536
632,Sheilakathryn,Le feaver,c2xlZmVhdmVyaGhAc2NpZW5jZWRpcmVjdC5jb20=,dXBYTFh1Q3ZE,396011
633,Kamillah,McGinn,a21jZ2lubmhpQHBhZ2VzcGVyc28tb3JhbmdlLmZy,ZHIyS1hTQWcwdQ==,608459
634,Chelsie,Kordes,Y2tvcmRlc2hqQHdoby5pbnQ=,REMwc2VFZUk=,997930
635,Holli,Robotham,aHJvYm90aGFtaGtAd2FsbWFydC5jb20=,NEJOQTRqbQ==,135650
636,Arabelle,Sheere,YXNoZWVyZWhsQHRoZWdsb2JlYW5kbWFpbC5jb20=,V3J5bEpH,613338
637,Rodd,Bussetti,cmJ1c3NldHRpaG1AZ29vZ2xlLmNu,MEVkQUp6TzZ5V3Y=,366430
638,Whitman,Nuttey,d251dHRleWhuQHNjcmliZC5jb20=,UHpSQW1QQw==,764241
639,Nealy,Schulkins,bnNjaHVsa2luc2hvQG5wcy5nb3Y=,QkNpemx5dzU5SWow,282769
640,Alford,Girsch,YWdpcnNjaGhwQHBheXBhbC5jb20=,Yno0UXBDdA==,17438
641,Husain,Snaith,aHNuYWl0aGhxQHRpbnl1cmwuY29t,c3RBcjlk,180587
642,Lisbeth,Lukehurst,bGx1a2VodXJzdGhyQHN0YXRlLnR4LnVz,QThPQ0xvdVo=,310256
643,Don,Athy,ZGF0aHloc0B3ZWliby5jb20=,ZTVpWDljcg==,699137
644,Penni,Dyte,cGR5dGVodEBsaXN0LW1hbmFnZS5jb20=,R1lZOTNzNmw=,82559
645,Nickolaus,Audsley,bmF1ZHNsZXlodUByZWZlcmVuY2UuY29t,OUE4QVJwRFNpVENK,234716
646,Marika,Antonoyev,bWFudG9ub3lldmh2QHlhaG9vLmNvLmpw,MThMcG5R,209811
647,Reginauld,Hackney,cmhhY2tuZXlod0BhbWF6b24uY28udWs=,QzJhejZkaXhrNw==,645251
648,Livvy,Cantrell,bGNhbnRyZWxsaHhAc2t5cGUuY29t,YmlsdXBE,624361
649,Becka,MacFaell,Ym1hY2ZhZWxsaHlAYmVya2VsZXkuZWR1,MlJhM3h0Sm1OcQ==,507364
650,Friedrich,Deignan,ZmRlaWduYW5oekBuYXRpb25hbGdlb2dyYXBoaWMuY29t,MVNhd3E2cTU0ZQ==,492301
651,Duky,Izchaki,ZGl6Y2hha2lpMEBlYmF5LmNvbQ==,QzdVa09TOEY1bjRk,502250
652,Creighton,St. Quentin,Y3N0cXVlbnRpbmkxQG1vemlsbGEub3Jn,VkNoMlp1WlM=,3142
653,Dolley,Probin,ZHByb2JpbmkyQG1hY3JvbWVkaWEuY29t,RHF1dHVjYQ==,644405
654,Kala,Wallwork,a3dhbGx3b3JraTNAc29odS5jb20=,S25OTXRDQw==,620928
655,Johnette,Mathouse,am1hdGhvdXNlaTRAZGFpbHltb3Rpb24uY29t,WVNHWXRBTTZzdDZs,320983
656,Christiana,Forsaith,Y2ZvcnNhaXRoaTVAbXNuLmNvbQ==,OHNOQU5YblVBQlJh,328759
657,Odie,Monery,b21vbmVyeWk2QGdvZGFkZHkuY29t,elVUVUFXVA==,751111
658,Waylan,Wainman,d3dhaW5tYW5pN0BzcXVpZG9vLmNvbQ==,RXNuQkI3T1lXNHo=,741707
659,Joyann,Chatwood,amNoYXR3b29kaThAbWFzaGFibGUuY29t,ZXJtQ1pLTjJJdkQz,325064
660,Tandy,Kittiman,dGtpdHRpbWFuaTlAbmluZy5jb20=,VG5wVVd5Ug==,382107
661,Melisa,Naulty,bW5hdWx0eWlhQG1vemlsbGEub3Jn,ME8zMFRRdA==,791813
662,Garner,Bauser,Z2JhdXNlcmliQGZ0Yy5nb3Y=,NWF0QUhKYjV3Y1B6,864438
663,Anabelle,Magarrell,YW1hZ2FycmVsbGljQHVtaWNoLmVkdQ==,Q3lhUEF3dDVUTHQ=,234638
664,Artie,Dines,YWRpbmVzaWRAaG9zdGdhdG9yLmNvbQ==,QkNLblQ4UFNjUA==,226815
665,Rycca,Cod,cmNvZGllQG5ocy51aw==,TVJhTU5lVG8=,496881
666,Granville,Baldazzi,Z2JhbGRhenppaWZAYmxvZ3Nwb3QuY29t,dEhPS1pXbWE5Ng==,263725
667,Johanna,Tunnacliffe,anR1bm5hY2xpZmZlaWdAbGl2ZWpvdXJuYWwuY29t,Tkw1QzkzVzluZU4=,194688
668,Perla,Jeffes,cGplZmZlc2loQHdlaWJvLmNvbQ==,Vk5CYkRCeXlJ,604663
669,Devin,Friar,ZGZyaWFyaWlAc291bmRjbG91ZC5jb20=,c1JUSEJoTlk=,221952
670,Alejandrina,Blanchard,YWJsYW5jaGFyZGlqQG5wci5vcmc=,a0pqdzFpTWlh,254415
671,Brigham,Garrioch,YmdhcnJpb2NoaWtAbmJhLmNvbQ==,dEFHcmIwYQ==,276594
672,Cara,O'Kane,Y29rYW5laWxAcHJ3ZWIuY29t,U3hMOTB1,53826
673,Annadiana,Warin,YXdhcmluaW1AdG9wbGlzdC5jeg==,MHk4QzROdg==,285392
674,Devinne,Macconachy,ZG1hY2NvbmFjaHlpbkB3aWtpc3BhY2VzLmNvbQ==,OHh3d1hmTnU=,326496
675,Sandie,Montague,c21vbnRhZ3VlaW9AYWRkdG9hbnkuY29t,dDhkdFVq,817845
676,Town,Halliday,dGhhbGxpZGF5aXBAc3R1ZGlvcHJlc3MuY29t,WWY5dVVt,127893
677,Christopher,Heibl,Y2hlaWJsaXFAamFwYW5wb3N0Lmpw,aE4xQjNMbld1ag==,722604
678,Pernell,Maryon,cG1hcnlvbmlyQGNzbW9uaXRvci5jb20=,Tnc5V1NtS1p0cUs=,978725
679,Josias,Wooton,andvb3RvbmlzQHNsaWRlc2hhcmUubmV0,aWlPRlQzMUg5Zko=,871817
680,Travis,Kyte,dGt5dGVpdEBvdmgubmV0,QVh3eHdmWDZxbHZO,473902
681,Dallon,Arrigucci,ZGFycmlndWNjaWl1QGdvb2dsZS5ubA==,WlBQRkViS0VLdG9y,609720
682,Shelagh,Parlour,c3BhcmxvdXJpdkBiZXJrZWxleS5lZHU=,bWJnUTR6,691440
683,Brittany,Ovise,Ym92aXNlaXdAbWFjLmNvbQ==,bXVaZ1FQ,368451
684,Andros,Leal,YWxlYWxpeEBtYXBxdWVzdC5jb20=,cnBNQVo2,401748
685,Dar,Baudacci,ZGJhdWRhY2NpaXlAcHJ3ZWIuY29t,TmpqNDBQTkl1Z092,406675
686,Eudora,Loynton,ZWxveW50b25pekBjbmJjLmNvbQ==,d3BDTkVhQVZL,529652
687,Bree,Farnaby,YmZhcm5hYnlqMEBnbG9iby5jb20=,ZzVKVjFRYg==,524348
688,Lloyd,Taggett,bHRhZ2dldHRqMUBzY3JpYmQuY29t,dmgySXl4S2czUw==,948144
689,Nancie,Pledge,bnBsZWRnZWoyQHBzdS5lZHU=,eUdDVW9MNlA=,714131
690,Kristy,Glynn,a2dseW5uajNAY2JzbG9jYWwuY29t,dGxYeVRZaw==,564850
691,Bev,Adelsberg,YmFkZWxzYmVyZ2o0QGRpaWdvLmNvbQ==,MFdEUW9TTw==,894465
692,Jayne,Balazin,amJhbGF6aW5qNUBlYXJ0aGxpbmsubmV0,ZVpVN2Z0V08=,806482
693,Englebert,Sellner,ZXNlbGxuZXJqNkBibG9nbGluZXMuY29t,Rjk5Wlpy,445218
694,Turner,Adolfson,dGFkb2xmc29uajdAcmV1dGVycy5jb20=,ZWdMU3F3OTF6bTlq,719597
695,Bernita,Verbeek,YnZlcmJlZWtqOEB0ZWQuY29t,VHozcHlMcmJT,221031
696,Alastair,Telling,YXRlbGxpbmdqOUBnb29nbGUuY29tLmF1,aW9EY3lI,578537
697,Sigfrid,Heephy,c2hlZXBoeWphQGx5Y29zLmNvbQ==,ekxTb05JUzU=,134510
698,Evy,Edwards,ZWVkd2FyZHNqYkBiaWdsb2JlLm5lLmpw,VGJDeTdKWA==,906320
699,Cordelie,Muffitt,Y211ZmZpdHRqY0B0aGVndWFyZGlhbi5jb20=,UXNSeDVLQQ==,719098
700,Roz,Lamey,cmxhbWV5amRAbnByLm9yZw==,WkVGa2ZhcVZHVlF1,963239
701,Eleonore,Dressell,ZWRyZXNzZWxsamVAb21uaXR1cmUuY29t,UTdCeVI4RA==,486075
702,Keriann,Scotson,a3Njb3Rzb25qZkBmb3RraS5jb20=,TGdWNlh5QQ==,313954
703,Jerome,Ciric,amNpcmljamdAZGlpZ28uY29t,Y1U3OW84QjhPcGQ=,32893
704,Shell,Dransfield,c2RyYW5zZmllbGRqaEBnbnUub3Jn,OWZEMFQ0bE5QSE03,265122
705,Ilsa,Curley,aWN1cmxleWppQGRhZ29uZGVzaWduLmNvbQ==,cXBKZVY2T3gw,769325
706,Wilbert,Abrami,d2FicmFtaWpqQHVuLm9yZw==,VXk4bldh,19434
707,Kimberlee,Margrett,a21hcmdyZXR0amtAYWx0ZXJ2aXN0YS5vcmc=,cW9TUUtaSXdncGJS,825462
708,Connor,Orris,Y29ycmlzamxAY2JzbmV3cy5jb20=,NUx0RWtBM2VMYjY=,899307
709,Camala,Sedgemond,Y3NlZGdlbW9uZGptQGV4YW1pbmVyLmNvbQ==,OG5oN3hpVg==,229521
710,Babita,Luis,Ymx1aXNqbkBzdXJ2ZXltb25rZXkuY29t,NkhXOXBRUkVUTg==,727489
711,Anallise,Collete,YWNvbGxldGVqb0BuYXNhLmdvdg==,Z01NdWFVUA==,652703
712,Hanson,Rummin,aHJ1bW1pbmpwQHllbGxvd2Jvb2suY29t,QlNnZzRNRFE1WGh1,605827
713,Agnesse,Leah,YWxlYWhqcUBpcnMuZ292,a3NnOVRkMWxy,301665
714,Hamnet,Siret,aHNpcmV0anJAd2lraW1lZGlhLm9yZw==,Rmg3MlJaQ3ZTOG8=,118441
715,Rodrique,Dragon,cmRyYWdvbmpzQG5hdmVyLmNvbQ==,Y1FZWGtNVEI=,310426
716,Philly,McDonell,cG1jZG9uZWxsanRAZmMyLmNvbQ==,S3RLbjZweFdHeQ==,883013
717,Neila,Meaking,bm1lYWtpbmdqdUB3aWtpc3BhY2VzLmNvbQ==,aVA2TTRjTE82WEg=,851628
718,Lexi,Aldersley,bGFsZGVyc2xleWp2QGppZ3N5LmNvbQ==,ZVRXcml5UGw=,120646
719,Tasia,Beretta,dGJlcmV0dGFqd0BlbHBhaXMuY29t,aUdyaXhJdQ==,296745
720,Collete,Patriche,Y3BhdHJpY2hlanhAZXhhbXBsZS5jb20=,MmhHV1pUb09N,747160
721,Ottilie,Hallas,b2hhbGxhc2p5QGpvb21sYS5vcmc=,R1hONXd1a250Umk=,314445
722,Lou,Goodbody,bGdvb2Rib2R5anpAZmVtYS5nb3Y=,ZFBRaU5QOA==,748338
723,Joe,Izhak,aml6aGFrazBAY29ybmVsbC5lZHU=,MjZZdWFGMzNVTg==,236413
724,Livy,D'Alesio,bGRhbGVzaW9rMUBteXNxbC5jb20=,MWFHdG9FU2lLY1o=,216407
725,Penelopa,Lumly,cGx1bWx5azJAaXNzdXUuY29t,b2dqM2EzT3hsMQ==,958548
726,Fletcher,Hardbattle,ZmhhcmRiYXR0bGVrM0Bjb21jYXN0Lm5ldA==,SVNDRE9ia3V5,1552
727,Nevile,Law,bmxhd2s0QHJha3V0ZW4uY28uanA=,NWxNd1RHSw==,170654
728,Devlen,Anstice,ZGFuc3RpY2VrNUBvdy5seQ==,VGVGSEFXRjg=,828528
729,Maressa,Glew,bWdsZXdrNkB3aWtpcGVkaWEub3Jn,UTdDa2Zi,109924
730,Car,Boots,Y2Jvb3RzazdAZmRhLmdvdg==,U3psQXNPa0s0cXM=,774040
731,Nona,Churches,bmNodXJjaGVzazhAZXppbmVhcnRpY2xlcy5jb20=,a2V4Qkdob0VJ,628010
732,Adorne,Franies,YWZyYW5pZXNrOUByYW1ibGVyLnJ1,OGdvUVBq,189771
733,Sanson,Manass,c21hbmFzc2thQHJldmVyYm5hdGlvbi5jb20=,V1N5bDVvSVpCR3dh,78611
734,Roosevelt,Dilston,cmRpbHN0b25rYkBlcGEuZ292,anF5ZTFBTGlF,167075
735,Bellanca,Izhak,Yml6aGFra2NAYW1hem9uLmNvLnVr,YzNHODl5NVNz,518117
736,Graham,Najara,Z25hamFyYWtkQHlvdXR1LmJl,WGRveEU0SWw=,830218
737,Olive,Hynard,b2h5bmFyZGtlQGhjMzYwLmNvbQ==,Wlk5Q2FzSEM5aA==,311596
738,Theda,Deeman,dGRlZW1hbmtmQGNyZWF0aXZlY29tbW9ucy5vcmc=,Q0RzaUczWVJD,783581
739,Minny,Seale,bXNlYWxla2dAaG91c2UuZ292,WEZCRzBhbUlJ,277696
740,Rochella,Legging,cmxlZ2dpbmdraEBtaWl0YmVpYW4uZ292LmNu,dXlaSXl3Z0JXY0Q=,310312
741,Kania,Leuchars,a2xldWNoYXJza2lAYmJjLmNvLnVr,WmtWYVZYbw==,105656
742,Werner,Roache,d3JvYWNoZWtqQGFtYXpvbi5kZQ==,NUx3a1dwaXdMYVB3,340248
743,Sile,Tother,c3RvdGhlcmtrQGh1ZmZpbmd0b25wb3N0LmNvbQ==,TlhkZGZTWlFLSUE=,17100
744,Hilliard,Petow,aHBldG93a2xAcGludGVyZXN0LmNvbQ==,NnVCVUpkQm5teA==,340358
745,Andras,Rykert,YXJ5a2VydGttQHBpbnRlcmVzdC5jb20=,OWxiQ0hoQkEwU0F6,187551
746,Ash,Stowers,YXN0b3dlcnNrbkBjb21jYXN0Lm5ldA==,T1VycTV5WFBlSUU=,910263
747,Carlotta,Wadeling,Y3dhZGVsaW5na29AYWRvYmUuY29t,UTRJRnBtcjFzbm8=,402846
748,Grantham,Biddleston,Z2JpZGRsZXN0b25rcEBvY24ubmUuanA=,NW0xQURCdGt0bE0=,710671
749,Errol,Starbuck,ZXN0YXJidWNra3FAY2JjLmNh,UmhKS2lqM0hk,70302
750,Charlton,Bonnyson,Y2Jvbm55c29ua3JAeWFsZS5lZHU=,SEtKbjVLTUdU,630882
751,Jeremias,Gates,amdhdGVza3NAYmluZy5jb20=,ckR1TXVibWZtYQ==,883726
752,Raynor,Iwanowicz,cml3YW5vd2ljemt0QGFtYXpvbi5jby51aw==,Z3ZuRHE3ZUpx,7812
753,Keene,Jeskin,a2plc2tpbmt1QHlhaG9vLmNvbQ==,bnlSY1JuRjZMS1E=,83875
754,Hephzibah,Bagnold,aGJhZ25vbGRrdkBmYzIuY29t,MFA5OExIb2tnTQ==,463339
755,Arlyn,Nassy,YW5hc3N5a3dAbmFzYS5nb3Y=,UUo4aHFrV2M=,899342
756,Alaine,Calfe,YWNhbGZla3hAc2t5cGUuY29t,VmNncmpBMVA=,918944
757,Gianna,Jelphs,Z2plbHBoc2t5QGNtdS5lZHU=,YVd6ZENZdlBC,152562
758,Horace,Alden,aGFsZGVua3pAZ251Lm9yZw==,YWw2UzNBdEM=,559250
759,Jocelyne,Warricker,andhcnJpY2tlcmwwQGxpdmVpbnRlcm5ldC5ydQ==,QUlYSlpo,491967
760,Donnie,Condit,ZGNvbmRpdGwxQGJhcm5lc2FuZG5vYmxlLmNvbQ==,RGJjMHhGOEY1,402954
761,Renell,Blow,cmJsb3dsMkBjb20uY29t,dTZYMlgxcTZiRw==,295685
762,Mella,Verrills,bXZlcnJpbGxzbDNAYWNjdXdlYXRoZXIuY29t,cFIxRGZQTm1v,26401
763,Wernher,Nellen,d25lbGxlbmw0QHBicy5vcmc=,UnhQTFB4WTRGZQ==,809887
764,Enrichetta,Kettles,ZWtldHRsZXNsNUBtYWlsLnJ1,bjZYNWN0N2o=,909735
765,Lizzy,Reddoch,bHJlZGRvY2hsNkB1c2RhLmdvdg==,NVBGOXJPVTNmUg==,671009
766,Kenyon,Vermer,a3Zlcm1lcmw3QGhvbWUucGw=,YzNSQTYzRGw2,805604
767,Mahala,Piatek,bXBpYXRla2w4QGluZGVwZW5kZW50LmNvLnVr,MllhZW90OXNwNlA=,600850
768,Joann,Bremner,amJyZW1uZXJsOUB2YS5nb3Y=,VUUxTVlxOQ==,963858
769,Myrvyn,O'Cosgra,bW9jb3NncmFsYUB4cmVhLmNvbQ==,WFowVE9qRUhnWU4=,317110
770,Elisha,Zoane,ZXpvYW5lbGJAYW5nZWxmaXJlLmNvbQ==,RWtIR3ZTZnhTQXFY,307930
771,Mechelle,Ferrarone,bWZlcnJhcm9uZWxjQG9haWMuZ292LmF1,ZGdCV0x3,168512
772,Davy,Antyshev,ZGFudHlzaGV2bGRAbWlpYmVpYW4uZ292LmNu,U0Frc1FR,308210
773,Bruce,Castri,YmNhc3RyaWxlQHZrLmNvbQ==,UmJYTXJSMXlOTHQ=,507121
774,Ryun,McMylor,cm1jbXlsb3JsZkBqdWdlbS5qcA==,WGxVSW1S,487377
775,Joby,Speare,anNwZWFyZWxnQGphbGJ1bS5uZXQ=,N0R6M25SWktBaQ==,452865
776,Phillida,Bartol,cGJhcnRvbGxoQGluc3RhZ3JhbS5jb20=,WXQyU2lwQjR2,99781
777,Marchall,Marjoribanks,bW1hcmpvcmliYW5rc2xpQHVuZXNjby5vcmc=,RlNCMnl6S1ZCanpo,411676
778,Garald,McCaughey,Z21jY2F1Z2hleWxqQGltZGIuY29t,azVkUGRyTEN2RUFs,606463
779,Reade,Bladon,cmJsYWRvbmxrQGJsb2cuY29t,aFhRMGJ5SVluYQ==,973355
780,Genna,Kohnen,Z2tvaG5lbmxsQGNhLmdvdg==,dmx4NUNx,108018
781,Cass,Kamen,Y2thbWVubG1AYWRkdG9hbnkuY29t,YmVkclJCd05pOFpY,141059
782,Elden,Tween,ZXR3ZWVubG5ANTEubGE=,bU1sekI3cGtIUlVl,49614
783,Jannel,Doghartie,amRvZ2hhcnRpZWxvQHR3aXRwaWMuY29t,RWRZMUZWVA==,275800
784,Patrice,Wragg,cHdyYWdnbHBAb3guYWMudWs=,RzJPV3NKdUVnZzQ=,88297
785,Aksel,Juan,YWp1YW5scUB5YWhvby5jby5qcA==,MDBiOHlLRmZ0aw==,962108
786,Evangelin,Kaines,ZWthaW5lc2xyQHVwZW5uLmVkdQ==,emVDdVlnTmg2,207305
787,Jorrie,MacColm,am1hY2NvbG1sc0BpbnN0YWdyYW0uY29t,dkQ4bEdpd1lQekQ2,544148
788,Filippo,Neesham,Zm5lZXNoYW1sdEBkaWdnLmNvbQ==,N0xTajli,195577
789,Fairleigh,Oake,Zm9ha2VsdUBhcmNoaXZlLm9yZw==,M1JNQmRyaDFpc24=,437620
790,Sheilah,Outerbridge,c291dGVyYnJpZGdlbHZAZm94bmV3cy5jb20=,SElRMGdpZ2lTWm8=,983782
791,Helena,Euston,aGV1c3Rvbmx3QHNjaWVuY2VkYWlseS5jb20=,YkdwakhkODE=,747297
792,Harper,Mollene,aG1vbGxlbmVseEBoZXh1bi5jb20=,OWVLYjVVamRD,490222
793,Darline,Methringham,ZG1ldGhyaW5naGFtbHlAb3BlcmEuY29t,bnNvczlMSEtoYmp3,382332
794,Carina,Pennick,Y3Blbm5pY2tsekBzZmdhdGUuY29t,SDBJZ3duMWNCUQ==,507467
795,Marleen,Sidary,bXNpZGFyeW0wQGNhLmdvdg==,M0kzeXE5UVlJWXA=,909216
796,Ira,Starford,aXN0YXJmb3JkbTFAYXJzdGVjaG5pY2EuY29t,OFRoUDJL,242331
797,Consalve,Almond,Y2FsbW9uZG0yQGFtYXpvbmF3cy5jb20=,QUY1ZWRpSjI=,716295
798,Raleigh,Kiljan,cmtpbGphbm0zQGVkLmdvdg==,NGVWT2NTVGRua3Nl,75153
799,Hadria,Levensky,aGxldmVuc2t5bTRAd29vdGhlbWVzLmNvbQ==,TjluM2M1VWE=,17306
800,Creighton,Spriggs,Y3NwcmlnZ3NtNUB1bi5vcmc=,MnFxR3NUMUk=,516805
801,Teodoor,Davitti,dGRhdml0dGltNkBnaXptb2RvLmNvbQ==,VG9YVkpPYQ==,897341
802,Jacquie,Alsobrook,amFsc29icm9va203QHBob3RvYnVja2V0LmNvbQ==,ampCNTh1,960380
803,Mag,Mullinder,bW11bGxpbmRlcm04QGxpc3QtbWFuYWdlLmNvbQ==,Z3dvWllLTQ==,403040
804,Dyan,Andrzej,ZGFuZHJ6ZWptOUBtYXBxdWVzdC5jb20=,ZmJWbElrcw==,10382
805,Hedvige,MacIllrick,aG1hY2lsbHJpY2ttYUBnb29nbGUuY29tLmJy,SnlVQ3plVXc5WA==,697176
806,Tandy,Riping,dHJpcGluZ21iQGlycy5nb3Y=,R2xydlhTREJTSQ==,418790
807,Thedrick,Swateridge,dHN3YXRlcmlkZ2VtY0B0ZWNobm9yYXRpLmNvbQ==,RVVmbTlpZ1NQSU1v,406771
808,Sande,Cadney,c2NhZG5leW1kQG5zdy5nb3YuYXU=,d2FNem9lQkJt,564620
809,Ddene,Twoohy,ZHR3b29oeW1lQGxpdmVqb3VybmFsLmNvbQ==,UnBuR3Fq,430707
810,Henry,Cosham,aGNvc2hhbW1mQGNyYWlnc2xpc3Qub3Jn,MTBwUnBkbXZWOA==,10068
811,Maximilianus,Drawmer,bWRyYXdtZXJtZ0BseWNvcy5jb20=,Q0Q0eDRJaQ==,247362
812,Gregg,Schiersch,Z3NjaGllcnNjaG1oQHNwb3RpZnkuY29t,bzBPeFBER0p5,601332
813,Cally,Wilcock,Y3dpbGNvY2ttaUBpZmVuZy5jb20=,SjdIY0JVaDJIb3o=,304949
814,Belinda,Menelaws,Ym1lbmVsYXdzbWpAbWFwcXVlc3QuY29t,T3BEVHRqQ056,835237
815,Julieta,Kenrat,amtlbnJhdG1rQGltZ3VyLmNvbQ==,UmphMDd2Zw==,177069
816,Inna,Syddall,aXN5ZGRhbGxtbEB3aWtpbWVkaWEub3Jn,YXN3QkdlbXA=,920059
817,Lynnett,Shaxby,bHNoYXhieW1tQG1paXRiZWlhbi5nb3YuY24=,dmtYM2dNTE84R1RX,476759
818,Grantley,Georgievski,Z2dlb3JnaWV2c2tpbW5AY29sdW1iaWEuZWR1,QURMTjc2Vw==,28084
819,Christabel,Lunam,Y2x1bmFtbW9AYXVkYS5vcmcuYXU=,d09maVRGalZ4,856227
820,Granger,Woodvine,Z3dvb2R2aW5lbXBAbmloLmdvdg==,SHE2NmQzbGltWjdI,949436
821,Sibilla,Beininck,c2JlaW5pbmNrbXFAeGluZy5jb20=,aHF4Q1k2SHVITw==,697833
822,Rosaleen,Westover,cndlc3RvdmVybXJAcG9zdGVyb3VzLmNvbQ==,SVB1UzE5,946653
823,Anabella,Sherrard,YXNoZXJyYXJkbXNAbmF0dXJlLmNvbQ==,eWhUTlU2YW9kNFUy,270758
824,Giffard,Evered,Z2V2ZXJlZG10QGRyb3Bib3guY29t,emVzeWowZXcwWQ==,939949
825,Cale,Ferns,Y2Zlcm5zbXVAY2hyb24uY29t,ZFFPRkRHcA==,198960
826,Seymour,Pele,c3BlbGVtdkBhZGR0b2FueS5jb20=,djRxUzFpYVc=,171611
827,Alwin,Benoit,YWJlbm9pdG13QGloZy5jb20=,c2VmWkt3eg==,307821
828,Hoebart,Cristofalo,aGNyaXN0b2ZhbG9teEBzY2llbmNlZGFpbHkuY29t,YTVPN05qVmhLWA==,606969
829,Rollie,Shemmin,cnNoZW1taW5teUBuc3cuZ292LmF1,TGpnU21mNld2VQ==,760966
830,Farris,Heckner,ZmhlY2tuZXJtekBub2FhLmdvdg==,SGtYUXVsVzVoYw==,265233
831,Hynda,Bruin,aGJydWlubjBAanVnZW0uanA=,NUx0Y3RQ,575003
832,Elihu,Jirsa,ZWppcnNhbjFAY25uLmNvbQ==,SVRaQmM4,72733
833,Kylynn,Klimuk,a2tsaW11a24yQGdpdGh1Yi5pbw==,M2htb1g3aFdrY0Q=,816025
834,Leslie,Mulhall,bG11bGhhbGxuM0BuaW5nLmNvbQ==,cDVMcU04ZGM0d3Zw,865789
835,Gram,Caizley,Z2NhaXpsZXluNEBuaHMudWs=,SWhKb0VPRFo2Zg==,717548
836,Ranice,Lyness,cmx5bmVzc241QGVhcnRobGluay5uZXQ=,ekcyMFhN,565626
837,Genna,Nevison,Z25ldmlzb25uNkBibG9nbGluZXMuY29t,TG84N0M5WA==,882971
838,Benn,Borsnall,YmJvcnNuYWxsbjdAbG9jLmdvdg==,aUkyS2kxQmVnd2M=,479296
839,Patricio,Fossick,cGZvc3NpY2tuOEB1c2EuZ292,NElTb1dySDFs,442024
840,Peri,Colthard,cGNvbHRoYXJkbjlAbGlzdC1tYW5hZ2UuY29t,TzB4SkRwRjc=,847879
841,Grazia,Bracey,Z2JyYWNleW5hQG9yYWNsZS5jb20=,ZExWRDR1dA==,899553
842,Arnie,Pratte,YXByYXR0ZW5iQHRyZWxsaWFuLmNvbQ==,b0JYcXFWZmY=,807275
843,Angie,Hostan,YWhvc3Rhbm5jQGp1Z2VtLmpw,SkpWTkU4WXVGcXIx,206663
844,Esteban,Thurner,ZXRodXJuZXJuZEBtb3ppbGxhLm9yZw==,VFU0Snl6OWE=,707660
845,Abbie,Ewence,YWV3ZW5jZW5lQG1pdC5lZHU=,OGo3OVpXYw==,464295
846,Kordula,Buret,a2J1cmV0bmZAc29odS5jb20=,N25wODJUQlo=,791278
847,Nelia,Aluard,bmFsdWFyZG5nQHVvbC5jb20uYnI=,eHVkQWg2VDh6,232907
848,Gennie,Audsley,Z2F1ZHNsZXluaEByZWZlcmVuY2UuY29t,T3lDb1dmdGNmYQ==,142583
849,Jacintha,Liston,amxpc3Rvbm5pQG55ZGFpbHluZXdzLmNvbQ==,UmJzR2VrZw==,238999
850,Deva,Purselow,ZHB1cnNlbG93bmpAdGhlZ2xvYmVhbmRtYWlsLmNvbQ==,TFdjcGJMRQ==,334849
851,Michel,Trumble,bXRydW1ibGVua0BhY2N1d2VhdGhlci5jb20=,N1RHekxJd0RPQzcz,760178
852,Barbara-anne,Gasparro,Ymdhc3BhcnJvbmxAdHJlbGxpYW4uY29t,V3ZnS3gyOVJlOA==,228979
853,Hakim,Hannigan,aGhhbm5pZ2Fubm1AaWxsaW5vaXMuZWR1,d1NLZnRV,791641
854,Ignace,Cherm,aWNoZXJtbm5AaW5kaWVnb2dvLmNvbQ==,Zzl5Q25RV0hl,683644
855,Morgun,Woloschin,bXdvbG9zY2hpbm5vQGNiYy5jYQ==,MER2Y0lWa2NSZzM=,523102
856,Cyrus,Batsford,Y2JhdHNmb3JkbnBAb2NuLm5lLmpw,ZHNXZkVp,569968
857,Sande,Ingyon,c2luZ3lvbm5xQGNvbnN0YW50Y29udGFjdC5jb20=,QlhJVVdLeVhrSVY=,580615
858,Klement,Burnup,a2J1cm51cG5yQGVkdWJsb2dzLm9yZw==,dEwxQmhLWVNV,510164
859,Vicki,Lerwell,dmxlcndlbGxuc0Bnb29nbGUuY29tLmhr,QmpEVlV5,711787
860,Lanita,Polotti,bHBvbG90dGludEB3b3JkcHJlc3MuY29t,RVNCZWM5ODJrT2E=,123983
861,Chan,Frankland,Y2ZyYW5rbGFuZG51QHZrLmNvbQ==,SWZURVR6UVk=,415745
862,Morgun,Trebble,bXRyZWJibGVudkBoYzM2MC5jb20=,bVozaEY2,771876
863,Cassey,Bass,Y2Jhc3Nud0BhcGFjaGUub3Jn,b1NKNFN0WlY=,917203
864,Alick,Pallis,YXBhbGxpc254QG55dS5lZHU=,UnJ1NTdudQ==,699496
865,Madonna,Fison,bWZpc29ubnlAZGV2aWFudGFydC5jb20=,UzF0UnNiT2kybmU=,303780
866,Janek,Heersema,amhlZXJzZW1hbnpAZ29vZHJlYWRzLmNvbQ==,cFZaWExJTTc=,450754
867,Price,Deane,cGRlYW5lbzBAY2JjLmNh,VEEwREllamR1,909355
868,Dukie,Simoneschi,ZHNpbW9uZXNjaGlvMUBjb25zdGFudGNvbnRhY3QuY29t,SHdWUTNG,818981
869,Belva,Blazi,YmJsYXppbzJAaHVmZmluZ3RvbnBvc3QuY29t,dzkzTnR2TmllZ010,719538
870,Dene,Elsip,ZGVsc2lwbzNAY2xpY2tiYW5rLm5ldA==,dHBlT1hmOHBtc28=,496103
871,Katya,O'Shea,a29zaGVhbzRAbmF0dXJlLmNvbQ==,SlBYTjlQSnZjNkF4,20467
872,Haily,Larman,aGxhcm1hbm81QGh1Z2Vkb21haW5zLmNvbQ==,V3JJWWlp,68690
873,Niki,Stirgess,bnN0aXJnZXNzbzZAaHVnZWRvbWFpbnMuY29t,dnIzclla,112807
874,Jon,Champ,amNoYW1wbzdAdGVjaGNydW5jaC5jb20=,VlVqYXBj,974318
875,Alden,Cuss,YWN1c3NvOEBnZW9jaXRpZXMuY29t,UnQ1aHJMeQ==,526114
876,Beverly,Densie,YmRlbnNpZW85QGhpYnUuY29t,d1dCMFIzRA==,615337
877,Rosalind,Rivalant,cnJpdmFsYW50b2FAbXlzcGFjZS5jb20=,YjZhRjBmdFpsY1ZS,226441
878,Melesa,Ecclesall,bWVjY2xlc2FsbG9iQHJhbWJsZXIucnU=,ZXRjRW90aVk=,716898
879,Alyosha,Abendroth,YWFiZW5kcm90aG9jQHNlZXNhYS5uZXQ=,VEFGMWJRcVlzUE1k,937508
880,Renado,Mincini,cm1pbmNpbmlvZEBpcy5nZA==,WjRjbGEwdUN3,581457
881,Rolfe,Currm,cmN1cnJtb2VAaW1kYi5jb20=,WFdrNWZJM3VKWg==,744944
882,Kandace,Gregol,a2dyZWdvbG9mQGViYXkuY29t,Sm1aQ25C,816976
883,Lusa,Meineking,bG1laW5la2luZ29nQHN0YXRlLmdvdg==,UFgxeUZqNA==,240470
884,Cherlyn,Riddiford,Y3JpZGRpZm9yZG9oQGJvc3Rvbi5jb20=,bVhQcUdvR24=,833669
885,Umberto,Milby,dW1pbGJ5b2lAZmxpY2tyLmNvbQ==,Ykg3OGlnNUtm,263522
886,Elton,Sackur,ZXNhY2t1cm9qQGE4Lm5ldA==,aHJxWWl2ag==,965844
887,Lem,Kubes,bGt1YmVzb2tAcGhwYmIuY29t,dEdGcUpGcUhPeA==,131929
888,Wenona,Garrat,d2dhcnJhdG9sQHBlb3BsZS5jb20uY24=,cHJXUDMydXRm,673673
889,Seamus,Benesevich,c2JlbmVzZXZpY2hvbUBzaW1wbGVtYWNoaW5lcy5vcmc=,M0ZaYUd6NTZK,145470
890,Ibrahim,Jeratt,aWplcmF0dG9uQGVhcnRobGluay5uZXQ=,Vko4VzJ4VGhCbG9Q,216383
891,Hube,Tunbridge,aHR1bmJyaWRnZW9vQHlhaG9vLmNvLmpw,alI0bDNEblM=,136095
892,Alvera,Southan,YXNvdXRoYW5vcEBqaWF0aGlzLmNvbQ==,WEpHM0tRYVRiOVdO,451216
893,Tybalt,Tieman,dHRpZW1hbm9xQHJlZmVyZW5jZS5jb20=,TXRWdjJTdHZqWE5m,265987
894,Billye,Pashen,YnBhc2hlbm9yQGNkYmFieS5jb20=,NDFOWGlHc2x4ajRr,710384
895,Kerry,Senn,a3Nlbm5vc0Bnb29nbGUucnU=,SThsMVp0Rg==,868931
896,Lindi,Havik,bGhhdmlrb3RAYXJpem9uYS5lZHU=,Wm1QQVVF,539571
897,Ive,Duckering,aWR1Y2tlcmluZ291QHR1dHRvY2l0dGEuaXQ=,VXBYY3ZGeA==,211930
898,Datha,Garrand,ZGdhcnJhbmRvdkBmcmllbmRmZWVkLmNvbQ==,VGtjVWdVUElPRHk=,110591
899,Caril,Johnsey,Y2pvaG5zZXlvd0BjbmV0LmNvbQ==,QndmbFF0Zk1hbw==,297922
900,Renault,Macci,cm1hY2Npb3hAcHN1LmVkdQ==,SGswRzBsdDc3dGdr,544021
901,Jenna,Romans,anJvbWFuc295QDE2My5jb20=,eWk4aU1neg==,48600
902,Carmina,Thickett,Y3RoaWNrZXR0b3pAb3BlbnNvdXJjZS5vcmc=,dHpqakRMd3V5VkFi,974131
903,Maren,Maynard,bW1heW5hcmRwMEBldmVudGJyaXRlLmNvbQ==,cUtMbDU2ag==,905028
904,Eleanora,Truter,ZXRydXRlcnAxQG1vemlsbGEub3Jn,WTRCV1ptRVc=,425716
905,Melicent,Hadrill,bWhhZHJpbGxwMkBidXp6ZmVlZC5jb20=,a20xSU1WOUhjcQ==,805433
906,Jessi,Halden,amhhbGRlbnAzQGh1ZmZpbmd0b25wb3N0LmNvbQ==,Z0RXOTFr,854713
907,Worthington,Acarson,d2FjYXJzb25wNEBwaHBiYi5jb20=,Rm8wSFprTU9WeQ==,926458
908,Sander,Antoniak,c2FudG9uaWFrcDVAZ2l0aHViLmlv,bWZqa0dCdQ==,821010
909,Coleen,Stutt,Y3N0dXR0cDZAZGlvbi5uZS5qcA==,dVlUOFpkYTdjc1Zy,142456
910,Sascha,Sarfass,c3NhcmZhc3NwN0B0cmVsbGlhbi5jb20=,aGlFRml1aw==,10893
911,Buiron,Seery,YnNlZXJ5cDhAc3R1ZGlvcHJlc3MuY29t,bUpVMW52YnlK,340451
912,Anatollo,Greenroyd,YWdyZWVucm95ZHA5QHN0YW5mb3JkLmVkdQ==,RWlZRTNaTA==,570221
913,Meyer,Wilkerson,bXdpbGtlcnNvbnBhQDE2My5jb20=,aTZhYmZuVlp4bVg=,828324
914,Brooke,Storch,YnN0b3JjaHBiQGlzc3V1LmNvbQ==,Y1d1VjFpVXF0alk=,252873
915,Brett,Wickenden,YndpY2tlbmRlbnBjQG10di5jb20=,ZTdZZzQz,145721
916,Morey,Bramley,bWJyYW1sZXlwZEBmZGEuZ292,MFloQldl,421399
917,Ira,Bignall,aWJpZ25hbGxwZUB0b3BzeS5jb20=,OW5xTjd6UzY=,896393
918,Domeniga,Hendrich,ZGhlbmRyaWNocGZAeWFob28uY28uanA=,RWZCeXZkSFdxSmhI,557222
919,Grazia,Van't Hoff,Z3ZhbnRob2ZmcGdAZWhvdy5jb20=,TnUzOGk5bUM=,406943
920,Hillary,Lambird,aGxhbWJpcmRwaEB4cmVhLmNvbQ==,Nkx6Yk5keFgy,404131
921,Tris,Beer,dGJlZXJwaUBwaHAubmV0,azIwMGpT,756750
922,Beck,Bitten,YmJpdHRlbnBqQG5hdHVyZS5jb20=,c21RaGZKeg==,364923
923,Roderich,Pont,cnBvbnRwa0Bib29raW5nLmNvbQ==,SmtVdVJuZQ==,683710
924,Derk,Semour,ZHNlbW91cnBsQHlhaG9vLmNvLmpw,MTVpSGoyeXU=,513437
925,Klement,Abelov,a2FiZWxvdnBtQHdhc2hpbmd0b25wb3N0LmNvbQ==,V3ZlVWpzcg==,438987
926,Genni,Kenningham,Z2tlbm5pbmdoYW1wbkB3aWtpbWVkaWEub3Jn,SEpCMVRp,942011
927,Gianni,Steart,Z3N0ZWFydHBvQGhwLmNvbQ==,a3VORkEz,932193
928,Aviva,Gopsill,YWdvcHNpbGxwcEB3aWtpYS5jb20=,bTYxaEdBU1RT,751322
929,Elsworth,Rumsey,ZXJ1bXNleXBxQHVjb3oucnU=,MDJaU2Yz,718007
930,Lorine,Fussey,bGZ1c3NleXByQGdpdGh1Yi5jb20=,OGNuSm9WbDQ=,514263
931,Berke,Kofax,YmtvZmF4cHNAdGlueXBpYy5jb20=,eFo0NENjU2tH,170310
932,Yuma,Todari,eXRvZGFyaXB0QHNid2lyZS5jb20=,NkcwWHM4Rg==,556756
933,Tiphanie,Gaskill,dGdhc2tpbGxwdUBwbGFsYS5vci5qcA==,UUZ3dXN4a280STc=,600910
934,Ailee,Tregensoe,YXRyZWdlbnNvZXB2QHdlYm5vZGUuY29t,YTJ1TzlBVncxQ1U=,529509
935,Torre,Corley,dGNvcmxleXB3QHJldmVyYm5hdGlvbi5jb20=,UE0xQkwwZzI=,660217
936,Kameko,Linch,a2xpbmNocHhAaW5mb3NlZWsuY28uanA=,WXFxSmF0cWtN,446875
937,Ephraim,Silcocks,ZXNpbGNvY2tzcHlAcHJpdmFjeS5nb3YuYXU=,NW9TY1ViWA==,16071
938,Anna-diana,Barns,YWJhcm5zcHpAc3R1bWJsZXVwb24uY29t,WUdmclJXTzFZdzhI,671482
939,Zachariah,Bowen,emJvd2VucTBAbnN3Lmdvdi5hdQ==,NUd3dGRINVM=,381224
940,Tracy,Pitt,dHBpdHRxMUBsaXZlaW50ZXJuZXQucnU=,N1RGWmxGcTFBdA==,582083
941,Gallard,Gull,Z2d1bGxxMkBlZC5nb3Y=,TTZZemE3,728457
942,Marcos,MacNish,bW1hY25pc2hxM0BibG9nLmNvbQ==,Q2xsR2Nwdw==,968221
943,Ruthie,Swaby,cnN3YWJ5cTRAZmxhdm9ycy5tZQ==,S3NXbWxPV3JH,262852
944,Archaimbaud,Ilem,YWlsZW1xNUBzYndpcmUuY29t,VFdSeEJoQ0NZeTho,338447
945,Teddi,Giacaponi,dGdpYWNhcG9uaXE2QGljcS5jb20=,WkJHNkF3,383931
946,Chalmers,Mc Curlye,Y21jY3VybHllcTdAZ2xvYm8uY29t,WEwwVXEzUThxVA==,484649
947,Jennee,Apfelmann,amFwZmVsbWFubnE4QHNxdWFyZXNwYWNlLmNvbQ==,T1VqNXpQMUo=,401105
948,Waylen,MacMurray,d21hY211cnJheXE5QGJsb29tYmVyZy5jb20=,Uzlac2FocEZ4MUg0,621069
949,Merilyn,Heap,bWhlYXBxYUBiZXJrZWxleS5lZHU=,R3c3RHRTcQ==,305199
950,Burch,Berntssen,YmJlcm50c3NlbnFiQHVwZW5uLmVkdQ==,bzVjdGVL,50652
951,Jermayne,Loseke,amxvc2VrZXFjQGNvY29sb2ctbmlmdHkuY29t,Tk41ZFdxUQ==,980253
952,Michal,Barmby,bWJhcm1ieXFkQGxhdGltZXMuY29t,MXBxQnd5,84526
953,Mora,Keane,bWtlYW5lcWVAb2Rub2tsYXNzbmlraS5ydQ==,eEY1QmZQeQ==,872667
954,Monique,Filippi,bWZpbGlwcGlxZkBtZXJyaWFtLXdlYnN0ZXIuY29t,djRIakN3R1o=,146872
955,Dorolice,Bortolazzi,ZGJvcnRvbGF6emlxZ0B5b3V0dS5iZQ==,bGRrVDE5ZkU=,249315
956,Cynthie,Limeburner,Y2xpbWVidXJuZXJxaEBjb25zdGFudGNvbnRhY3QuY29t,cnJaWTc4VUZnag==,931511
957,Hakim,Tillyer,aHRpbGx5ZXJxaUB1c25ld3MuY29t,YWZ4SHhLblNa,16974
958,Diahann,Verdey,ZHZlcmRleXFqQGJ1enpmZWVkLmNvbQ==,MnRVdmxLVDE=,430494
959,Shurlocke,Caig,c2NhaWdxa0BuYmEuY29t,b0VDR0R3bzBpWlI=,605239
960,Shela,Bickmore,c2JpY2ttb3JlcWxAYm9va2luZy5jb20=,akNLOVJGeHNObA==,234751
961,Meggy,Power,bXBvd2VycW1AamltZG8uY29t,NlV4N0xaaQ==,955194
962,Kandy,Moseley,a21vc2VsZXlxbkBzb2h1LmNvbQ==,UUZnNmYxRHM4Rw==,919149
963,Duane,Joe,ZGpvZXFvQHVuLm9yZw==,eVZqcmtPcldMcG0=,44601
964,Lutero,Ilyuchyov,bGlseXVjaHlvdnFwQG5zdy5nb3YuYXU=,bHpXY1JHbw==,56043
965,Elsinore,Clausson,ZWNsYXVzc29ucXFAeW91a3UuY29t,cUFWSDV2bUxXNVYy,441493
966,Barney,Margrett,Ym1hcmdyZXR0cXJAdmltZW8uY29t,RUt4Vk5l,562723
967,Merissa,Mottley,bW1vdHRsZXlxc0BuaWZ0eS5jb20=,REY5OXV6,207355
968,Harry,Surplice,aHN1cnBsaWNlcXRAbWFya2V0d2F0Y2guY29t,WU05dTU2VVJZRFU=,676218
969,Grady,Worsalls,Z3dvcnNhbGxzcXVAbmhzLnVr,WllzempsbXI=,94807
970,Helge,Eringey,aGVyaW5nZXlxdkBleGFtcGxlLmNvbQ==,R0tZczI5YXdQTUpS,860858
971,Shel,Fair,c2ZhaXJxd0B2aW5hb3JhLmNvbQ==,NmFlcDlCS2Y0,861407
972,Wilhelmina,Sickert,d3NpY2tlcnRxeEB5b2xhc2l0ZS5jb20=,ZEpLdWhXSDRIanQ=,293125
973,Felike,Thirlwell,ZnRoaXJsd2VsbHF5QHJldmVyYm5hdGlvbi5jb20=,VlV1T0JEcg==,814005
974,Eilis,Geach,ZWdlYWNocXpAZG1vei5vcmc=,WGZvbDRVRGtt,434876
975,Neddie,McLardie,bm1jbGFyZGllcjBAY3liZXJjaGltcHMuY29t,TGVRQWdT,507479
976,Maynard,Presshaugh,bXByZXNzaGF1Z2hyMUBpc3N1dS5jb20=,WFpKSHRKcg==,502346
977,Creigh,Bretelle,Y2JyZXRlbGxlcjJAcGJzLm9yZw==,VWdrREltQw==,248317
978,Ginger,Fogarty,Z2ZvZ2FydHlyM0BiZWhhbmNlLm5ldA==,QjhVUnBQ,578081
979,Rossy,Seekings,cnNlZWtpbmdzcjRAY3liZXJjaGltcHMuY29t,aEh3UFJ4cnhL,69855
980,Conrade,Madre,Y21hZHJlcjVAb3BlbnNvdXJjZS5vcmc=,WThBdGND,278494
981,Blinnie,Beacroft,YmJlYWNyb2Z0cjZAZWxwYWlzLmNvbQ==,NGd3MGpHdA==,718308
982,Roseanna,McCroft,cm1jY3JvZnRyN0B3dW5kZXJncm91bmQuY29t,SENyTDVoWG1XSg==,971120
983,Joseito,Sherr,anNoZXJycjhAc3ByaW5nZXIuY29t,YUNFVDljTGNy,733366
984,Sisile,Snawdon,c3NuYXdkb25yOUBnb29nbGUuY29tLmhr,Uko2dVB5Mw==,816212
985,Jareb,Farlam,amZhcmxhbXJhQDRzaGFyZWQuY29t,MjNQNTRvTk4wQ1Fu,72122
986,Tricia,Sweeten,dHN3ZWV0ZW5yYkBzdXJ2ZXltb25rZXkuY29t,NUJ2ZVIy,628660
987,Terri,Wellesley,dHdlbGxlc2xleXJjQHVtaWNoLmVkdQ==,OWt2ZlR1djg=,677621
988,Isidro,Tacey,aXRhY2V5cmRAbXVsdGlwbHkuY29t,UlhpRkpLdw==,151214
989,Pearl,Matthias,cG1hdHRoaWFzcmVAbnltYWcuY29t,OWNRRmQxNGZZ,95084
990,Mason,Blees,bWJsZWVzcmZAdXBlbm4uZWR1,cTlLWTZo,957638
991,Mill,Hayers,bWhheWVyc3JnQG5hdmVyLmNvbQ==,blkwQmxhZnZxNQ==,946220
992,Ermin,Lonnon,ZWxvbm5vbnJoQHRlY2hub3JhdGkuY29t,WDRJYWFM,158487
993,Barty,Linggood,Ymxpbmdnb29kcmlAdXNncy5nb3Y=,ZVdyTFJMYktoSXN6,774086
994,Otha,Brettel,b2JyZXR0ZWxyakBhZG1pbi5jaA==,Ymo4eGVDcmp5VUI3,255094
995,Quinlan,Proger,cXByb2dlcnJrQHNmZ2F0ZS5jb20=,UFh6eUpwYVNPaWo=,933766
996,Jessey,Lympany,amx5bXBhbnlybEB3aG8uaW50,aExMOHpDNUl3dkM=,951256
997,Damaris,Crunden,ZGNydW5kZW5ybUBpY3EuY29t,RzcyckVZWGp3Yg==,223508
998,Sylas,Apark,c2FwYXJrcm5AcHVyZXZvbHVtZS5jb20=,dzZHZWIx,672544
999,Windham,Kleinstern,d2tsZWluc3Rlcm5yb0BzeW1hbnRlYy5jb20=,M3B5TGVreWZz,508081
1000,Leonardo,Rodge,bHJvZGdlcnBAc3F1YXJlc3BhY2UuY29t,M2g3ZktSQg==,122757
1001,Sib,Baudouin,c2JhdWRvdWlucnFAZ29vZ2xlLmNvbS5hdQ==,cWxVa0VDQ0ZFcDh5,787067
1002,Brenna,Felmingham,YmZlbG1pbmdoYW1yckBnb29nbGUuY29tLmhr,YnNiSjNBY2JG,441453
1003,Jamie,Lo,SmFtaWVMbzQzMjFAZ21haWwuY29t,TG9KYW1pZTEyMzQ=,0
1004,Jacob,Smith,SlNtaXRoQGdtYWlsLmNvbQ==,SlNtaXRoMTIz,0
